,Name,C_Rating,Ownership,Rating,Reviews
0,IIT Madras (IITM) - Indian Institute of Technology Madras,AAAAA,Public/Government,4.7/5,127 Reviews
1,IIT Delhi - Indian Institute of Technology Delhi,AAAAA,Public/Government,4.6/5,324 Reviews
2,IIT Bombay - Indian Institute of Technology Bombay,AAAAA,Public/Government,4.6/5,165 Reviews
3,IIT Kanpur - Indian Institute of Technology Kanpur,AAAAA,Public/Government,4.4/5,165 Reviews
4,IIT Kharagpur - Indian Institute of Technology Kharagpur,AAAAA,Public/Government,4.7/5,330 Reviews
5,IIT Roorkee - Indian Institute of Technology Roorkee,AAAAA,Public/Government,4.4/5,417 Reviews
6,IIT Hyderabad - Indian Institute of Technology Hyderabad,AAAAA,Public/Government,4.6/5,32 Reviews
7,IIT Guwahati (IITG) - Indian Institute of Technology Guwahati,AAAAA,Public/Government,4.3/5,191 Reviews
8,NIT Trichy - National Institute of Technology Tiruchirappalli,AAAAA,Public/Government,4.4/5,306 Reviews
9,IIT BHU - Indian Institute of Technology Banaras Hindu University Varanasi,AAAAA,Public/Government,4.6/5,165 Reviews
10,"BITS Pilani - Birla Institute of Technology and Science, Pilani",AAAAA,Private,4.5/5,270 Reviews
11,IIT Indore - Indian Institute of Technology Indore,AAAAA,Public/Government,4.6/5,40 Reviews
12,NIT Rourkela - National Institute of Technology Rourkela,AAAAA,Public/Government,4.6/5,342 Reviews
13,"SRM University Chennai - SRM Institute of Science and Technology, Chennai",AAAAA,Private,4.3/5,755 Reviews
14,IIT ISM Dhanbad - Indian Institute of Technology Indian School of Mines Dhanbad,AAAAA,Public/Government,4.3/5,204 Reviews
15,"VIT Vellore - Vellore Institute of Technology, Vellore",AAAAA,Private,4.4/5,827 Reviews
16,NIT Surathkal (NITK) - National Institute of Technology Karnataka Surathkal,AAAAA,Public/Government,4.3/5,101 Reviews
17,"Jadavpur University, Kolkata",AAAAA,Public/Government,4.5/5,236 Reviews
18,IIT Patna - Indian Institute of Technology Patna,AAAAA,Public/Government,4.7/5,58 Reviews
19,"Anna University, Chennai",AAAA+,Public/Government,4.8/5,43 Reviews
20,NIT Calicut - National Institute of Technology Calicut,AAAAA,Public/Government,4.3/5,161 Reviews
21,"SOA University - Siksha 'O' Anusandhan, Bhubaneswar",AAAA+,Private,4.1/5,157 Reviews
22,"Amrita Vishwa Vidyapeetham, Coimbatore",AAAAA,Private,4.3/5,121 Reviews
23,"JMI New Delhi - Jamia Millia Islamia, New Delhi",AAAAA,Public/Government,4.5/5,414 Reviews
24,IIT Gandhinagar (IIT GN) - Indian Institute of Technology Gandhinagar,AAAAA,Public/Government,4.4/5,22 Reviews
25,IIT Mandi - Indian Institute of Technology Mandi,AAAAA,Public/Government,4.4/5,28 Reviews
26,IIT Jodhpur - Indian Institute of Technology Jodhpur,AAAAA,Public/Government,4.4/5,68 Reviews
27,NIT Warangal - National Institute of Technology Warangal,AAAAA,Public/Government,4.5/5,149 Reviews
28,"TIET Patiala - Thapar Institute of Engineering and Technology, Patiala",AAAAA,Private,4.3/5,339 Reviews
29,"DTU Delhi - Delhi Technological University, Delhi",AAAAA,Public/Government,4.5/5,465 Reviews
30,"Chandigarh University - Chandigarh University, Chandigarh",--,Private,4.3/5,829 Reviews
31,IIT Ropar (IIT-RPR) - Indian Institute of Technology Ropar,AAAAA,Public/Government,4.5/5,126 Reviews
32,"Kalasalingam Academy of Research and Education, Virudhunagar",AAAA+,Private,4.0/5,37 Reviews
33,"AMU Aligarh - Aligarh Muslim University, Aligarh",--,Public/Government,4.7/5,425 Reviews
34,"KL University Guntur - Koneru Lakshmaiah Education Foundation, Guntur",--,Private,4.4/5,170 Reviews
35,"KIIT - Kalinga Institute of Industrial Technology, Bhubaneswar",AAAA+,Private,4.3/5,581 Reviews
36,"Amity University, Noida",--,Private,4.1/5,418 Reviews
37,"IIIT Hyderabad - International Institute of Information Technology, Hyderabad",AAAAA,Private,4.5/5,35 Reviews
38,IIT Bhubaneswar - Indian Institute of Technology Bhubaneswar,AAAAA,Public/Government,4.3/5,33 Reviews
39,"SASTRA University Thanjavur - Shanmugha Arts Science Technology Research and Academy, Thanjavur",AAAAA,Private,4.2/5,185 Reviews
40,"ICT Mumbai - Institute of Chemical Technology, Mumbai",AAAAA,Public/Government,4.5/5,26 Reviews
41,MNIT Jaipur - Malaviya National Institute of Technology Jaipur,AAAA+,Public/Government,4.2/5,279 Reviews
42,"UPES Dehradun - UPES, Dehradun",--,Private,4.1/5,107 Reviews
43,VNIT Nagpur - Visvesvaraya National Institute of Technology Nagpur,AAAAA,Public/Government,4.2/5,129 Reviews
44,"SIMATS Chennai - Saveetha Institute of Medical and Technical Sciences, Chennai",AAAAA,Private,3.4/5,10 Reviews
45,"SIU Pune - Symbiosis International University, Pune",--,Private,3.9/5,49 Reviews
46,"SSN College of Engineering - Sri Sivasubramaniya Nadar College of Engineering, Kalavakkam",AAAAA,Private,4.6/5,67 Reviews
47,"LPU Jalandhar - Lovely Professional University, Phagwara",AAAA+,Private,4.4/5,1209 Reviews
48,NIT Durgapur - National Institute of Technology Durgapur,AAAAA,Public/Government,4.1/5,173 Reviews
49,NIT Silchar - National Institute of Technology Silchar,AAAA+,Public/Government,4.4/5,167 Reviews
50,IIT Madras (IITM) - Indian Institute of Technology Madras,AAAAA,Public/Government,4.7/5,127 Reviews
51,IIT Delhi - Indian Institute of Technology Delhi,AAAAA,Public/Government,4.6/5,324 Reviews
52,IIT Bombay - Indian Institute of Technology Bombay,AAAAA,Public/Government,4.6/5,165 Reviews
53,IIT Kanpur - Indian Institute of Technology Kanpur,AAAAA,Public/Government,4.4/5,165 Reviews
54,IIT Kharagpur - Indian Institute of Technology Kharagpur,AAAAA,Public/Government,4.7/5,330 Reviews
55,IIT Roorkee - Indian Institute of Technology Roorkee,AAAAA,Public/Government,4.4/5,417 Reviews
56,IIT Hyderabad - Indian Institute of Technology Hyderabad,AAAAA,Public/Government,4.6/5,32 Reviews
57,IIT Guwahati (IITG) - Indian Institute of Technology Guwahati,AAAAA,Public/Government,4.3/5,191 Reviews
58,NIT Trichy - National Institute of Technology Tiruchirappalli,AAAAA,Public/Government,4.4/5,306 Reviews
59,IIT BHU - Indian Institute of Technology Banaras Hindu University Varanasi,AAAAA,Public/Government,4.6/5,165 Reviews
60,"BITS Pilani - Birla Institute of Technology and Science, Pilani",AAAAA,Private,4.5/5,270 Reviews
61,IIT Indore - Indian Institute of Technology Indore,AAAAA,Public/Government,4.6/5,40 Reviews
62,NIT Rourkela - National Institute of Technology Rourkela,AAAAA,Public/Government,4.6/5,342 Reviews
63,"SRM University Chennai - SRM Institute of Science and Technology, Chennai",AAAAA,Private,4.3/5,755 Reviews
64,IIT ISM Dhanbad - Indian Institute of Technology Indian School of Mines Dhanbad,AAAAA,Public/Government,4.3/5,204 Reviews
65,"VIT Vellore - Vellore Institute of Technology, Vellore",AAAAA,Private,4.4/5,827 Reviews
66,NIT Surathkal (NITK) - National Institute of Technology Karnataka Surathkal,AAAAA,Public/Government,4.3/5,101 Reviews
67,"Jadavpur University, Kolkata",AAAAA,Public/Government,4.5/5,236 Reviews
68,IIT Patna - Indian Institute of Technology Patna,AAAAA,Public/Government,4.7/5,58 Reviews
69,"Anna University, Chennai",AAAA+,Public/Government,4.8/5,43 Reviews
70,NIT Calicut - National Institute of Technology Calicut,AAAAA,Public/Government,4.3/5,161 Reviews
71,"SOA University - Siksha 'O' Anusandhan, Bhubaneswar",AAAA+,Private,4.1/5,157 Reviews
72,"Amrita Vishwa Vidyapeetham, Coimbatore",AAAAA,Private,4.3/5,121 Reviews
73,"JMI New Delhi - Jamia Millia Islamia, New Delhi",AAAAA,Public/Government,4.5/5,414 Reviews
74,IIT Gandhinagar (IIT GN) - Indian Institute of Technology Gandhinagar,AAAAA,Public/Government,4.4/5,22 Reviews
75,IIT Mandi - Indian Institute of Technology Mandi,AAAAA,Public/Government,4.4/5,28 Reviews
76,IIT Jodhpur - Indian Institute of Technology Jodhpur,AAAAA,Public/Government,4.4/5,68 Reviews
77,NIT Warangal - National Institute of Technology Warangal,AAAAA,Public/Government,4.5/5,149 Reviews
78,"TIET Patiala - Thapar Institute of Engineering and Technology, Patiala",AAAAA,Private,4.3/5,339 Reviews
79,"DTU Delhi - Delhi Technological University, Delhi",AAAAA,Public/Government,4.5/5,465 Reviews
80,"Chandigarh University - Chandigarh University, Chandigarh",--,Private,4.3/5,829 Reviews
81,IIT Ropar (IIT-RPR) - Indian Institute of Technology Ropar,AAAAA,Public/Government,4.5/5,126 Reviews
82,"Kalasalingam Academy of Research and Education, Virudhunagar",AAAA+,Private,4.0/5,37 Reviews
83,"AMU Aligarh - Aligarh Muslim University, Aligarh",--,Public/Government,4.7/5,425 Reviews
84,"KL University Guntur - Koneru Lakshmaiah Education Foundation, Guntur",--,Private,4.4/5,170 Reviews
85,"KIIT - Kalinga Institute of Industrial Technology, Bhubaneswar",AAAA+,Private,4.3/5,581 Reviews
86,"Amity University, Noida",--,Private,4.1/5,418 Reviews
87,"IIIT Hyderabad - International Institute of Information Technology, Hyderabad",AAAAA,Private,4.5/5,35 Reviews
88,IIT Bhubaneswar - Indian Institute of Technology Bhubaneswar,AAAAA,Public/Government,4.3/5,33 Reviews
89,"SASTRA University Thanjavur - Shanmugha Arts Science Technology Research and Academy, Thanjavur",AAAAA,Private,4.2/5,185 Reviews
90,"ICT Mumbai - Institute of Chemical Technology, Mumbai",AAAAA,Public/Government,4.5/5,26 Reviews
91,MNIT Jaipur - Malaviya National Institute of Technology Jaipur,AAAA+,Public/Government,4.2/5,279 Reviews
92,"UPES Dehradun - UPES, Dehradun",--,Private,4.1/5,107 Reviews
93,VNIT Nagpur - Visvesvaraya National Institute of Technology Nagpur,AAAAA,Public/Government,4.2/5,129 Reviews
94,"SIMATS Chennai - Saveetha Institute of Medical and Technical Sciences, Chennai",AAAAA,Private,3.4/5,10 Reviews
95,"SIU Pune - Symbiosis International University, Pune",--,Private,3.9/5,49 Reviews
96,"SSN College of Engineering - Sri Sivasubramaniya Nadar College of Engineering, Kalavakkam",AAAAA,Private,4.6/5,67 Reviews
97,"LPU Jalandhar - Lovely Professional University, Phagwara",AAAA+,Private,4.4/5,1209 Reviews
98,NIT Durgapur - National Institute of Technology Durgapur,AAAAA,Public/Government,4.1/5,173 Reviews
99,NIT Silchar - National Institute of Technology Silchar,AAAA+,Public/Government,4.4/5,167 Reviews
100,IIT Madras (IITM) - Indian Institute of Technology Madras,AAAAA,Public/Government,4.7/5,127 Reviews
101,IIT Delhi - Indian Institute of Technology Delhi,AAAAA,Public/Government,4.6/5,324 Reviews
102,IIT Bombay - Indian Institute of Technology Bombay,AAAAA,Public/Government,4.6/5,165 Reviews
103,IIT Kanpur - Indian Institute of Technology Kanpur,AAAAA,Public/Government,4.4/5,165 Reviews
104,IIT Kharagpur - Indian Institute of Technology Kharagpur,AAAAA,Public/Government,4.7/5,330 Reviews
105,IIT Roorkee - Indian Institute of Technology Roorkee,AAAAA,Public/Government,4.4/5,417 Reviews
106,IIT Hyderabad - Indian Institute of Technology Hyderabad,AAAAA,Public/Government,4.6/5,32 Reviews
107,IIT Guwahati (IITG) - Indian Institute of Technology Guwahati,AAAAA,Public/Government,4.3/5,191 Reviews
108,NIT Trichy - National Institute of Technology Tiruchirappalli,AAAAA,Public/Government,4.4/5,306 Reviews
109,IIT BHU - Indian Institute of Technology Banaras Hindu University Varanasi,AAAAA,Public/Government,4.6/5,165 Reviews
110,"BITS Pilani - Birla Institute of Technology and Science, Pilani",AAAAA,Private,4.5/5,270 Reviews
111,IIT Indore - Indian Institute of Technology Indore,AAAAA,Public/Government,4.6/5,40 Reviews
112,NIT Rourkela - National Institute of Technology Rourkela,AAAAA,Public/Government,4.6/5,342 Reviews
113,"SRM University Chennai - SRM Institute of Science and Technology, Chennai",AAAAA,Private,4.3/5,755 Reviews
114,IIT ISM Dhanbad - Indian Institute of Technology Indian School of Mines Dhanbad,AAAAA,Public/Government,4.3/5,204 Reviews
115,"VIT Vellore - Vellore Institute of Technology, Vellore",AAAAA,Private,4.4/5,827 Reviews
116,NIT Surathkal (NITK) - National Institute of Technology Karnataka Surathkal,AAAAA,Public/Government,4.3/5,101 Reviews
117,"Jadavpur University, Kolkata",AAAAA,Public/Government,4.5/5,236 Reviews
118,IIT Patna - Indian Institute of Technology Patna,AAAAA,Public/Government,4.7/5,58 Reviews
119,"Anna University, Chennai",AAAA+,Public/Government,4.8/5,43 Reviews
120,NIT Calicut - National Institute of Technology Calicut,AAAAA,Public/Government,4.3/5,161 Reviews
121,"SOA University - Siksha 'O' Anusandhan, Bhubaneswar",AAAA+,Private,4.1/5,157 Reviews
122,"Amrita Vishwa Vidyapeetham, Coimbatore",AAAAA,Private,4.3/5,121 Reviews
123,"JMI New Delhi - Jamia Millia Islamia, New Delhi",AAAAA,Public/Government,4.5/5,414 Reviews
124,IIT Gandhinagar (IIT GN) - Indian Institute of Technology Gandhinagar,AAAAA,Public/Government,4.4/5,22 Reviews
125,IIT Mandi - Indian Institute of Technology Mandi,AAAAA,Public/Government,4.4/5,28 Reviews
126,IIT Jodhpur - Indian Institute of Technology Jodhpur,AAAAA,Public/Government,4.4/5,68 Reviews
127,NIT Warangal - National Institute of Technology Warangal,AAAAA,Public/Government,4.5/5,149 Reviews
128,"TIET Patiala - Thapar Institute of Engineering and Technology, Patiala",AAAAA,Private,4.3/5,339 Reviews
129,"DTU Delhi - Delhi Technological University, Delhi",AAAAA,Public/Government,4.5/5,465 Reviews
130,"Chandigarh University - Chandigarh University, Chandigarh",--,Private,4.3/5,829 Reviews
131,IIT Ropar (IIT-RPR) - Indian Institute of Technology Ropar,AAAAA,Public/Government,4.5/5,126 Reviews
132,"Kalasalingam Academy of Research and Education, Virudhunagar",AAAA+,Private,4.0/5,37 Reviews
133,"AMU Aligarh - Aligarh Muslim University, Aligarh",--,Public/Government,4.7/5,425 Reviews
134,"KL University Guntur - Koneru Lakshmaiah Education Foundation, Guntur",--,Private,4.4/5,170 Reviews
135,"KIIT - Kalinga Institute of Industrial Technology, Bhubaneswar",AAAA+,Private,4.3/5,581 Reviews
136,"Amity University, Noida",--,Private,4.1/5,418 Reviews
137,"IIIT Hyderabad - International Institute of Information Technology, Hyderabad",AAAAA,Private,4.5/5,35 Reviews
138,IIT Bhubaneswar - Indian Institute of Technology Bhubaneswar,AAAAA,Public/Government,4.3/5,33 Reviews
139,"SASTRA University Thanjavur - Shanmugha Arts Science Technology Research and Academy, Thanjavur",AAAAA,Private,4.2/5,185 Reviews
140,"ICT Mumbai - Institute of Chemical Technology, Mumbai",AAAAA,Public/Government,4.5/5,26 Reviews
141,MNIT Jaipur - Malaviya National Institute of Technology Jaipur,AAAA+,Public/Government,4.2/5,279 Reviews
142,"UPES Dehradun - UPES, Dehradun",--,Private,4.1/5,107 Reviews
143,VNIT Nagpur - Visvesvaraya National Institute of Technology Nagpur,AAAAA,Public/Government,4.2/5,129 Reviews
144,"SIMATS Chennai - Saveetha Institute of Medical and Technical Sciences, Chennai",AAAAA,Private,3.4/5,10 Reviews
145,"SIU Pune - Symbiosis International University, Pune",--,Private,3.9/5,49 Reviews
146,"SSN College of Engineering - Sri Sivasubramaniya Nadar College of Engineering, Kalavakkam",AAAAA,Private,4.6/5,67 Reviews
147,"LPU Jalandhar - Lovely Professional University, Phagwara",AAAA+,Private,4.4/5,1209 Reviews
148,NIT Durgapur - National Institute of Technology Durgapur,AAAAA,Public/Government,4.1/5,173 Reviews
149,NIT Silchar - National Institute of Technology Silchar,AAAA+,Public/Government,4.4/5,167 Reviews
150,IIT Madras (IITM) - Indian Institute of Technology Madras,AAAAA,Public/Government,4.7/5,127 Reviews
151,IIT Delhi - Indian Institute of Technology Delhi,AAAAA,Public/Government,4.6/5,324 Reviews
152,IIT Bombay - Indian Institute of Technology Bombay,AAAAA,Public/Government,4.6/5,165 Reviews
153,IIT Kanpur - Indian Institute of Technology Kanpur,AAAAA,Public/Government,4.4/5,165 Reviews
154,IIT Kharagpur - Indian Institute of Technology Kharagpur,AAAAA,Public/Government,4.7/5,330 Reviews
155,IIT Roorkee - Indian Institute of Technology Roorkee,AAAAA,Public/Government,4.4/5,417 Reviews
156,IIT Hyderabad - Indian Institute of Technology Hyderabad,AAAAA,Public/Government,4.6/5,32 Reviews
157,IIT Guwahati (IITG) - Indian Institute of Technology Guwahati,AAAAA,Public/Government,4.3/5,191 Reviews
158,NIT Trichy - National Institute of Technology Tiruchirappalli,AAAAA,Public/Government,4.4/5,306 Reviews
159,IIT BHU - Indian Institute of Technology Banaras Hindu University Varanasi,AAAAA,Public/Government,4.6/5,165 Reviews
160,"BITS Pilani - Birla Institute of Technology and Science, Pilani",AAAAA,Private,4.5/5,270 Reviews
161,IIT Indore - Indian Institute of Technology Indore,AAAAA,Public/Government,4.6/5,40 Reviews
162,NIT Rourkela - National Institute of Technology Rourkela,AAAAA,Public/Government,4.6/5,342 Reviews
163,"SRM University Chennai - SRM Institute of Science and Technology, Chennai",AAAAA,Private,4.3/5,755 Reviews
164,IIT ISM Dhanbad - Indian Institute of Technology Indian School of Mines Dhanbad,AAAAA,Public/Government,4.3/5,204 Reviews
165,"VIT Vellore - Vellore Institute of Technology, Vellore",AAAAA,Private,4.4/5,827 Reviews
166,NIT Surathkal (NITK) - National Institute of Technology Karnataka Surathkal,AAAAA,Public/Government,4.3/5,101 Reviews
167,"Jadavpur University, Kolkata",AAAAA,Public/Government,4.5/5,236 Reviews
168,IIT Patna - Indian Institute of Technology Patna,AAAAA,Public/Government,4.7/5,58 Reviews
169,"Anna University, Chennai",AAAA+,Public/Government,4.8/5,43 Reviews
170,NIT Calicut - National Institute of Technology Calicut,AAAAA,Public/Government,4.3/5,161 Reviews
171,"SOA University - Siksha 'O' Anusandhan, Bhubaneswar",AAAA+,Private,4.1/5,157 Reviews
172,"Amrita Vishwa Vidyapeetham, Coimbatore",AAAAA,Private,4.3/5,121 Reviews
173,"JMI New Delhi - Jamia Millia Islamia, New Delhi",AAAAA,Public/Government,4.5/5,414 Reviews
174,IIT Gandhinagar (IIT GN) - Indian Institute of Technology Gandhinagar,AAAAA,Public/Government,4.4/5,22 Reviews
175,IIT Mandi - Indian Institute of Technology Mandi,AAAAA,Public/Government,4.4/5,28 Reviews
176,IIT Jodhpur - Indian Institute of Technology Jodhpur,AAAAA,Public/Government,4.4/5,68 Reviews
177,NIT Warangal - National Institute of Technology Warangal,AAAAA,Public/Government,4.5/5,149 Reviews
178,"TIET Patiala - Thapar Institute of Engineering and Technology, Patiala",AAAAA,Private,4.3/5,339 Reviews
179,"DTU Delhi - Delhi Technological University, Delhi",AAAAA,Public/Government,4.5/5,465 Reviews
180,"Chandigarh University - Chandigarh University, Chandigarh",--,Private,4.3/5,829 Reviews
181,IIT Ropar (IIT-RPR) - Indian Institute of Technology Ropar,AAAAA,Public/Government,4.5/5,126 Reviews
182,"Kalasalingam Academy of Research and Education, Virudhunagar",AAAA+,Private,4.0/5,37 Reviews
183,"AMU Aligarh - Aligarh Muslim University, Aligarh",--,Public/Government,4.7/5,425 Reviews
184,"KL University Guntur - Koneru Lakshmaiah Education Foundation, Guntur",--,Private,4.4/5,170 Reviews
185,"KIIT - Kalinga Institute of Industrial Technology, Bhubaneswar",AAAA+,Private,4.3/5,581 Reviews
186,"Amity University, Noida",--,Private,4.1/5,418 Reviews
187,"IIIT Hyderabad - International Institute of Information Technology, Hyderabad",AAAAA,Private,4.5/5,35 Reviews
188,IIT Bhubaneswar - Indian Institute of Technology Bhubaneswar,AAAAA,Public/Government,4.3/5,33 Reviews
189,"SASTRA University Thanjavur - Shanmugha Arts Science Technology Research and Academy, Thanjavur",AAAAA,Private,4.2/5,185 Reviews
190,"ICT Mumbai - Institute of Chemical Technology, Mumbai",AAAAA,Public/Government,4.5/5,26 Reviews
191,MNIT Jaipur - Malaviya National Institute of Technology Jaipur,AAAA+,Public/Government,4.2/5,279 Reviews
192,"UPES Dehradun - UPES, Dehradun",--,Private,4.1/5,107 Reviews
193,VNIT Nagpur - Visvesvaraya National Institute of Technology Nagpur,AAAAA,Public/Government,4.2/5,129 Reviews
194,"SIMATS Chennai - Saveetha Institute of Medical and Technical Sciences, Chennai",AAAAA,Private,3.4/5,10 Reviews
195,"SIU Pune - Symbiosis International University, Pune",--,Private,3.9/5,49 Reviews
196,"SSN College of Engineering - Sri Sivasubramaniya Nadar College of Engineering, Kalavakkam",AAAAA,Private,4.6/5,67 Reviews
197,"LPU Jalandhar - Lovely Professional University, Phagwara",AAAA+,Private,4.4/5,1209 Reviews
198,NIT Durgapur - National Institute of Technology Durgapur,AAAAA,Public/Government,4.1/5,173 Reviews
199,NIT Silchar - National Institute of Technology Silchar,AAAA+,Public/Government,4.4/5,167 Reviews
200,IIT Madras (IITM) - Indian Institute of Technology Madras,AAAAA,Public/Government,4.7/5,127 Reviews
201,IIT Delhi - Indian Institute of Technology Delhi,AAAAA,Public/Government,4.6/5,324 Reviews
202,IIT Bombay - Indian Institute of Technology Bombay,AAAAA,Public/Government,4.6/5,165 Reviews
203,IIT Kanpur - Indian Institute of Technology Kanpur,AAAAA,Public/Government,4.4/5,165 Reviews
204,IIT Kharagpur - Indian Institute of Technology Kharagpur,AAAAA,Public/Government,4.7/5,330 Reviews
205,IIT Roorkee - Indian Institute of Technology Roorkee,AAAAA,Public/Government,4.4/5,417 Reviews
206,IIT Hyderabad - Indian Institute of Technology Hyderabad,AAAAA,Public/Government,4.6/5,32 Reviews
207,IIT Guwahati (IITG) - Indian Institute of Technology Guwahati,AAAAA,Public/Government,4.3/5,191 Reviews
208,NIT Trichy - National Institute of Technology Tiruchirappalli,AAAAA,Public/Government,4.4/5,306 Reviews
209,IIT BHU - Indian Institute of Technology Banaras Hindu University Varanasi,AAAAA,Public/Government,4.6/5,165 Reviews
210,"BITS Pilani - Birla Institute of Technology and Science, Pilani",AAAAA,Private,4.5/5,270 Reviews
211,IIT Indore - Indian Institute of Technology Indore,AAAAA,Public/Government,4.6/5,40 Reviews
212,NIT Rourkela - National Institute of Technology Rourkela,AAAAA,Public/Government,4.6/5,342 Reviews
213,"SRM University Chennai - SRM Institute of Science and Technology, Chennai",AAAAA,Private,4.3/5,755 Reviews
214,IIT ISM Dhanbad - Indian Institute of Technology Indian School of Mines Dhanbad,AAAAA,Public/Government,4.3/5,204 Reviews
215,"VIT Vellore - Vellore Institute of Technology, Vellore",AAAAA,Private,4.4/5,827 Reviews
216,NIT Surathkal (NITK) - National Institute of Technology Karnataka Surathkal,AAAAA,Public/Government,4.3/5,101 Reviews
217,"Jadavpur University, Kolkata",AAAAA,Public/Government,4.5/5,236 Reviews
218,IIT Patna - Indian Institute of Technology Patna,AAAAA,Public/Government,4.7/5,58 Reviews
219,"Anna University, Chennai",AAAA+,Public/Government,4.8/5,43 Reviews
220,NIT Calicut - National Institute of Technology Calicut,AAAAA,Public/Government,4.3/5,161 Reviews
221,"SOA University - Siksha 'O' Anusandhan, Bhubaneswar",AAAA+,Private,4.1/5,157 Reviews
222,"Amrita Vishwa Vidyapeetham, Coimbatore",AAAAA,Private,4.3/5,121 Reviews
223,"JMI New Delhi - Jamia Millia Islamia, New Delhi",AAAAA,Public/Government,4.5/5,414 Reviews
224,IIT Gandhinagar (IIT GN) - Indian Institute of Technology Gandhinagar,AAAAA,Public/Government,4.4/5,22 Reviews
225,IIT Mandi - Indian Institute of Technology Mandi,AAAAA,Public/Government,4.4/5,28 Reviews
226,IIT Jodhpur - Indian Institute of Technology Jodhpur,AAAAA,Public/Government,4.4/5,68 Reviews
227,NIT Warangal - National Institute of Technology Warangal,AAAAA,Public/Government,4.5/5,149 Reviews
228,"TIET Patiala - Thapar Institute of Engineering and Technology, Patiala",AAAAA,Private,4.3/5,339 Reviews
229,"DTU Delhi - Delhi Technological University, Delhi",AAAAA,Public/Government,4.5/5,465 Reviews
230,"Chandigarh University - Chandigarh University, Chandigarh",--,Private,4.3/5,829 Reviews
231,IIT Ropar (IIT-RPR) - Indian Institute of Technology Ropar,AAAAA,Public/Government,4.5/5,126 Reviews
232,"Kalasalingam Academy of Research and Education, Virudhunagar",AAAA+,Private,4.0/5,37 Reviews
233,"AMU Aligarh - Aligarh Muslim University, Aligarh",--,Public/Government,4.7/5,425 Reviews
234,"KL University Guntur - Koneru Lakshmaiah Education Foundation, Guntur",--,Private,4.4/5,170 Reviews
235,"KIIT - Kalinga Institute of Industrial Technology, Bhubaneswar",AAAA+,Private,4.3/5,581 Reviews
236,"Amity University, Noida",--,Private,4.1/5,418 Reviews
237,"IIIT Hyderabad - International Institute of Information Technology, Hyderabad",AAAAA,Private,4.5/5,35 Reviews
238,IIT Bhubaneswar - Indian Institute of Technology Bhubaneswar,AAAAA,Public/Government,4.3/5,33 Reviews
239,"SASTRA University Thanjavur - Shanmugha Arts Science Technology Research and Academy, Thanjavur",AAAAA,Private,4.2/5,185 Reviews
240,"ICT Mumbai - Institute of Chemical Technology, Mumbai",AAAAA,Public/Government,4.5/5,26 Reviews
241,MNIT Jaipur - Malaviya National Institute of Technology Jaipur,AAAA+,Public/Government,4.2/5,279 Reviews
242,"UPES Dehradun - UPES, Dehradun",--,Private,4.1/5,107 Reviews
243,VNIT Nagpur - Visvesvaraya National Institute of Technology Nagpur,AAAAA,Public/Government,4.2/5,129 Reviews
244,"SIMATS Chennai - Saveetha Institute of Medical and Technical Sciences, Chennai",AAAAA,Private,3.4/5,10 Reviews
245,"SIU Pune - Symbiosis International University, Pune",--,Private,3.9/5,49 Reviews
246,"SSN College of Engineering - Sri Sivasubramaniya Nadar College of Engineering, Kalavakkam",AAAAA,Private,4.6/5,67 Reviews
247,"LPU Jalandhar - Lovely Professional University, Phagwara",AAAA+,Private,4.4/5,1209 Reviews
248,NIT Durgapur - National Institute of Technology Durgapur,AAAAA,Public/Government,4.1/5,173 Reviews
249,NIT Silchar - National Institute of Technology Silchar,AAAA+,Public/Government,4.4/5,167 Reviews
250,IIT Madras (IITM) - Indian Institute of Technology Madras,AAAAA,Public/Government,4.7/5,127 Reviews
251,IIT Delhi - Indian Institute of Technology Delhi,AAAAA,Public/Government,4.6/5,324 Reviews
252,IIT Bombay - Indian Institute of Technology Bombay,AAAAA,Public/Government,4.6/5,165 Reviews
253,IIT Kanpur - Indian Institute of Technology Kanpur,AAAAA,Public/Government,4.4/5,165 Reviews
254,IIT Kharagpur - Indian Institute of Technology Kharagpur,AAAAA,Public/Government,4.7/5,330 Reviews
255,IIT Roorkee - Indian Institute of Technology Roorkee,AAAAA,Public/Government,4.4/5,417 Reviews
256,IIT Hyderabad - Indian Institute of Technology Hyderabad,AAAAA,Public/Government,4.6/5,32 Reviews
257,IIT Guwahati (IITG) - Indian Institute of Technology Guwahati,AAAAA,Public/Government,4.3/5,191 Reviews
258,NIT Trichy - National Institute of Technology Tiruchirappalli,AAAAA,Public/Government,4.4/5,306 Reviews
259,IIT BHU - Indian Institute of Technology Banaras Hindu University Varanasi,AAAAA,Public/Government,4.6/5,165 Reviews
260,"BITS Pilani - Birla Institute of Technology and Science, Pilani",AAAAA,Private,4.5/5,270 Reviews
261,IIT Indore - Indian Institute of Technology Indore,AAAAA,Public/Government,4.6/5,40 Reviews
262,NIT Rourkela - National Institute of Technology Rourkela,AAAAA,Public/Government,4.6/5,342 Reviews
263,"SRM University Chennai - SRM Institute of Science and Technology, Chennai",AAAAA,Private,4.3/5,755 Reviews
264,IIT ISM Dhanbad - Indian Institute of Technology Indian School of Mines Dhanbad,AAAAA,Public/Government,4.3/5,204 Reviews
265,"VIT Vellore - Vellore Institute of Technology, Vellore",AAAAA,Private,4.4/5,827 Reviews
266,NIT Surathkal (NITK) - National Institute of Technology Karnataka Surathkal,AAAAA,Public/Government,4.3/5,101 Reviews
267,"Jadavpur University, Kolkata",AAAAA,Public/Government,4.5/5,236 Reviews
268,IIT Patna - Indian Institute of Technology Patna,AAAAA,Public/Government,4.7/5,58 Reviews
269,"Anna University, Chennai",AAAA+,Public/Government,4.8/5,43 Reviews
270,NIT Calicut - National Institute of Technology Calicut,AAAAA,Public/Government,4.3/5,161 Reviews
271,"SOA University - Siksha 'O' Anusandhan, Bhubaneswar",AAAA+,Private,4.1/5,157 Reviews
272,"Amrita Vishwa Vidyapeetham, Coimbatore",AAAAA,Private,4.3/5,121 Reviews
273,"JMI New Delhi - Jamia Millia Islamia, New Delhi",AAAAA,Public/Government,4.5/5,414 Reviews
274,IIT Gandhinagar (IIT GN) - Indian Institute of Technology Gandhinagar,AAAAA,Public/Government,4.4/5,22 Reviews
275,IIT Mandi - Indian Institute of Technology Mandi,AAAAA,Public/Government,4.4/5,28 Reviews
276,IIT Jodhpur - Indian Institute of Technology Jodhpur,AAAAA,Public/Government,4.4/5,68 Reviews
277,NIT Warangal - National Institute of Technology Warangal,AAAAA,Public/Government,4.5/5,149 Reviews
278,"TIET Patiala - Thapar Institute of Engineering and Technology, Patiala",AAAAA,Private,4.3/5,339 Reviews
279,"DTU Delhi - Delhi Technological University, Delhi",AAAAA,Public/Government,4.5/5,465 Reviews
280,"Chandigarh University - Chandigarh University, Chandigarh",--,Private,4.3/5,829 Reviews
281,IIT Ropar (IIT-RPR) - Indian Institute of Technology Ropar,AAAAA,Public/Government,4.5/5,126 Reviews
282,"Kalasalingam Academy of Research and Education, Virudhunagar",AAAA+,Private,4.0/5,37 Reviews
283,"AMU Aligarh - Aligarh Muslim University, Aligarh",--,Public/Government,4.7/5,425 Reviews
284,"KL University Guntur - Koneru Lakshmaiah Education Foundation, Guntur",--,Private,4.4/5,170 Reviews
285,"KIIT - Kalinga Institute of Industrial Technology, Bhubaneswar",AAAA+,Private,4.3/5,581 Reviews
286,"Amity University, Noida",--,Private,4.1/5,418 Reviews
287,"IIIT Hyderabad - International Institute of Information Technology, Hyderabad",AAAAA,Private,4.5/5,35 Reviews
288,IIT Bhubaneswar - Indian Institute of Technology Bhubaneswar,AAAAA,Public/Government,4.3/5,33 Reviews
289,"SASTRA University Thanjavur - Shanmugha Arts Science Technology Research and Academy, Thanjavur",AAAAA,Private,4.2/5,185 Reviews
290,"ICT Mumbai - Institute of Chemical Technology, Mumbai",AAAAA,Public/Government,4.5/5,26 Reviews
291,MNIT Jaipur - Malaviya National Institute of Technology Jaipur,AAAA+,Public/Government,4.2/5,279 Reviews
292,"UPES Dehradun - UPES, Dehradun",--,Private,4.1/5,107 Reviews
293,VNIT Nagpur - Visvesvaraya National Institute of Technology Nagpur,AAAAA,Public/Government,4.2/5,129 Reviews
294,"SIMATS Chennai - Saveetha Institute of Medical and Technical Sciences, Chennai",AAAAA,Private,3.4/5,10 Reviews
295,"SIU Pune - Symbiosis International University, Pune",--,Private,3.9/5,49 Reviews
296,"SSN College of Engineering - Sri Sivasubramaniya Nadar College of Engineering, Kalavakkam",AAAAA,Private,4.6/5,67 Reviews
297,"LPU Jalandhar - Lovely Professional University, Phagwara",AAAA+,Private,4.4/5,1209 Reviews
298,NIT Durgapur - National Institute of Technology Durgapur,AAAAA,Public/Government,4.1/5,173 Reviews
299,NIT Silchar - National Institute of Technology Silchar,AAAA+,Public/Government,4.4/5,167 Reviews
300,IIT Madras (IITM) - Indian Institute of Technology Madras,AAAAA,Public/Government,4.7/5,127 Reviews
301,IIT Delhi - Indian Institute of Technology Delhi,AAAAA,Public/Government,4.6/5,324 Reviews
302,IIT Bombay - Indian Institute of Technology Bombay,AAAAA,Public/Government,4.6/5,165 Reviews
303,IIT Kanpur - Indian Institute of Technology Kanpur,AAAAA,Public/Government,4.4/5,165 Reviews
304,IIT Kharagpur - Indian Institute of Technology Kharagpur,AAAAA,Public/Government,4.7/5,330 Reviews
305,IIT Roorkee - Indian Institute of Technology Roorkee,AAAAA,Public/Government,4.4/5,417 Reviews
306,IIT Hyderabad - Indian Institute of Technology Hyderabad,AAAAA,Public/Government,4.6/5,32 Reviews
307,IIT Guwahati (IITG) - Indian Institute of Technology Guwahati,AAAAA,Public/Government,4.3/5,191 Reviews
308,NIT Trichy - National Institute of Technology Tiruchirappalli,AAAAA,Public/Government,4.4/5,306 Reviews
309,IIT BHU - Indian Institute of Technology Banaras Hindu University Varanasi,AAAAA,Public/Government,4.6/5,165 Reviews
310,"BITS Pilani - Birla Institute of Technology and Science, Pilani",AAAAA,Private,4.5/5,270 Reviews
311,IIT Indore - Indian Institute of Technology Indore,AAAAA,Public/Government,4.6/5,40 Reviews
312,NIT Rourkela - National Institute of Technology Rourkela,AAAAA,Public/Government,4.6/5,342 Reviews
313,"SRM University Chennai - SRM Institute of Science and Technology, Chennai",AAAAA,Private,4.3/5,755 Reviews
314,IIT ISM Dhanbad - Indian Institute of Technology Indian School of Mines Dhanbad,AAAAA,Public/Government,4.3/5,204 Reviews
315,"VIT Vellore - Vellore Institute of Technology, Vellore",AAAAA,Private,4.4/5,827 Reviews
316,NIT Surathkal (NITK) - National Institute of Technology Karnataka Surathkal,AAAAA,Public/Government,4.3/5,101 Reviews
317,"Jadavpur University, Kolkata",AAAAA,Public/Government,4.5/5,236 Reviews
318,IIT Patna - Indian Institute of Technology Patna,AAAAA,Public/Government,4.7/5,58 Reviews
319,"Anna University, Chennai",AAAA+,Public/Government,4.8/5,43 Reviews
320,NIT Calicut - National Institute of Technology Calicut,AAAAA,Public/Government,4.3/5,161 Reviews
321,"SOA University - Siksha 'O' Anusandhan, Bhubaneswar",AAAA+,Private,4.1/5,157 Reviews
322,"Amrita Vishwa Vidyapeetham, Coimbatore",AAAAA,Private,4.3/5,121 Reviews
323,"JMI New Delhi - Jamia Millia Islamia, New Delhi",AAAAA,Public/Government,4.5/5,414 Reviews
324,IIT Gandhinagar (IIT GN) - Indian Institute of Technology Gandhinagar,AAAAA,Public/Government,4.4/5,22 Reviews
325,IIT Mandi - Indian Institute of Technology Mandi,AAAAA,Public/Government,4.4/5,28 Reviews
326,IIT Jodhpur - Indian Institute of Technology Jodhpur,AAAAA,Public/Government,4.4/5,68 Reviews
327,NIT Warangal - National Institute of Technology Warangal,AAAAA,Public/Government,4.5/5,149 Reviews
328,"TIET Patiala - Thapar Institute of Engineering and Technology, Patiala",AAAAA,Private,4.3/5,339 Reviews
329,"DTU Delhi - Delhi Technological University, Delhi",AAAAA,Public/Government,4.5/5,465 Reviews
330,"Chandigarh University - Chandigarh University, Chandigarh",--,Private,4.3/5,829 Reviews
331,IIT Ropar (IIT-RPR) - Indian Institute of Technology Ropar,AAAAA,Public/Government,4.5/5,126 Reviews
332,"Kalasalingam Academy of Research and Education, Virudhunagar",AAAA+,Private,4.0/5,37 Reviews
333,"AMU Aligarh - Aligarh Muslim University, Aligarh",--,Public/Government,4.7/5,425 Reviews
334,"KL University Guntur - Koneru Lakshmaiah Education Foundation, Guntur",--,Private,4.4/5,170 Reviews
335,"KIIT - Kalinga Institute of Industrial Technology, Bhubaneswar",AAAA+,Private,4.3/5,581 Reviews
336,"Amity University, Noida",--,Private,4.1/5,418 Reviews
337,"IIIT Hyderabad - International Institute of Information Technology, Hyderabad",AAAAA,Private,4.5/5,35 Reviews
338,IIT Bhubaneswar - Indian Institute of Technology Bhubaneswar,AAAAA,Public/Government,4.3/5,33 Reviews
339,"SASTRA University Thanjavur - Shanmugha Arts Science Technology Research and Academy, Thanjavur",AAAAA,Private,4.2/5,185 Reviews
340,"ICT Mumbai - Institute of Chemical Technology, Mumbai",AAAAA,Public/Government,4.5/5,26 Reviews
341,MNIT Jaipur - Malaviya National Institute of Technology Jaipur,AAAA+,Public/Government,4.2/5,279 Reviews
342,"UPES Dehradun - UPES, Dehradun",--,Private,4.1/5,107 Reviews
343,VNIT Nagpur - Visvesvaraya National Institute of Technology Nagpur,AAAAA,Public/Government,4.2/5,129 Reviews
344,"SIMATS Chennai - Saveetha Institute of Medical and Technical Sciences, Chennai",AAAAA,Private,3.4/5,10 Reviews
345,"SIU Pune - Symbiosis International University, Pune",--,Private,3.9/5,49 Reviews
346,"SSN College of Engineering - Sri Sivasubramaniya Nadar College of Engineering, Kalavakkam",AAAAA,Private,4.6/5,67 Reviews
347,"LPU Jalandhar - Lovely Professional University, Phagwara",AAAA+,Private,4.4/5,1209 Reviews
348,NIT Durgapur - National Institute of Technology Durgapur,AAAAA,Public/Government,4.1/5,173 Reviews
349,NIT Silchar - National Institute of Technology Silchar,AAAA+,Public/Government,4.4/5,167 Reviews
350,IIT Madras (IITM) - Indian Institute of Technology Madras,AAAAA,Public/Government,4.7/5,127 Reviews
351,IIT Delhi - Indian Institute of Technology Delhi,AAAAA,Public/Government,4.6/5,324 Reviews
352,IIT Bombay - Indian Institute of Technology Bombay,AAAAA,Public/Government,4.6/5,165 Reviews
353,IIT Kanpur - Indian Institute of Technology Kanpur,AAAAA,Public/Government,4.4/5,165 Reviews
354,IIT Kharagpur - Indian Institute of Technology Kharagpur,AAAAA,Public/Government,4.7/5,330 Reviews
355,IIT Roorkee - Indian Institute of Technology Roorkee,AAAAA,Public/Government,4.4/5,417 Reviews
356,IIT Hyderabad - Indian Institute of Technology Hyderabad,AAAAA,Public/Government,4.6/5,32 Reviews
357,IIT Guwahati (IITG) - Indian Institute of Technology Guwahati,AAAAA,Public/Government,4.3/5,191 Reviews
358,NIT Trichy - National Institute of Technology Tiruchirappalli,AAAAA,Public/Government,4.4/5,306 Reviews
359,IIT BHU - Indian Institute of Technology Banaras Hindu University Varanasi,AAAAA,Public/Government,4.6/5,165 Reviews
360,"BITS Pilani - Birla Institute of Technology and Science, Pilani",AAAAA,Private,4.5/5,270 Reviews
361,IIT Indore - Indian Institute of Technology Indore,AAAAA,Public/Government,4.6/5,40 Reviews
362,NIT Rourkela - National Institute of Technology Rourkela,AAAAA,Public/Government,4.6/5,342 Reviews
363,"SRM University Chennai - SRM Institute of Science and Technology, Chennai",AAAAA,Private,4.3/5,755 Reviews
364,IIT ISM Dhanbad - Indian Institute of Technology Indian School of Mines Dhanbad,AAAAA,Public/Government,4.3/5,204 Reviews
365,"VIT Vellore - Vellore Institute of Technology, Vellore",AAAAA,Private,4.4/5,827 Reviews
366,NIT Surathkal (NITK) - National Institute of Technology Karnataka Surathkal,AAAAA,Public/Government,4.3/5,101 Reviews
367,"Jadavpur University, Kolkata",AAAAA,Public/Government,4.5/5,236 Reviews
368,IIT Patna - Indian Institute of Technology Patna,AAAAA,Public/Government,4.7/5,58 Reviews
369,"Anna University, Chennai",AAAA+,Public/Government,4.8/5,43 Reviews
370,NIT Calicut - National Institute of Technology Calicut,AAAAA,Public/Government,4.3/5,161 Reviews
371,"SOA University - Siksha 'O' Anusandhan, Bhubaneswar",AAAA+,Private,4.1/5,157 Reviews
372,"Amrita Vishwa Vidyapeetham, Coimbatore",AAAAA,Private,4.3/5,121 Reviews
373,"JMI New Delhi - Jamia Millia Islamia, New Delhi",AAAAA,Public/Government,4.5/5,414 Reviews
374,IIT Gandhinagar (IIT GN) - Indian Institute of Technology Gandhinagar,AAAAA,Public/Government,4.4/5,22 Reviews
375,IIT Mandi - Indian Institute of Technology Mandi,AAAAA,Public/Government,4.4/5,28 Reviews
376,IIT Jodhpur - Indian Institute of Technology Jodhpur,AAAAA,Public/Government,4.4/5,68 Reviews
377,NIT Warangal - National Institute of Technology Warangal,AAAAA,Public/Government,4.5/5,149 Reviews
378,"TIET Patiala - Thapar Institute of Engineering and Technology, Patiala",AAAAA,Private,4.3/5,339 Reviews
379,"DTU Delhi - Delhi Technological University, Delhi",AAAAA,Public/Government,4.5/5,465 Reviews
380,"Chandigarh University - Chandigarh University, Chandigarh",--,Private,4.3/5,829 Reviews
381,IIT Ropar (IIT-RPR) - Indian Institute of Technology Ropar,AAAAA,Public/Government,4.5/5,126 Reviews
382,"Kalasalingam Academy of Research and Education, Virudhunagar",AAAA+,Private,4.0/5,37 Reviews
383,"AMU Aligarh - Aligarh Muslim University, Aligarh",--,Public/Government,4.7/5,425 Reviews
384,"KL University Guntur - Koneru Lakshmaiah Education Foundation, Guntur",--,Private,4.4/5,170 Reviews
385,"KIIT - Kalinga Institute of Industrial Technology, Bhubaneswar",AAAA+,Private,4.3/5,581 Reviews
386,"Amity University, Noida",--,Private,4.1/5,418 Reviews
387,"IIIT Hyderabad - International Institute of Information Technology, Hyderabad",AAAAA,Private,4.5/5,35 Reviews
388,IIT Bhubaneswar - Indian Institute of Technology Bhubaneswar,AAAAA,Public/Government,4.3/5,33 Reviews
389,"SASTRA University Thanjavur - Shanmugha Arts Science Technology Research and Academy, Thanjavur",AAAAA,Private,4.2/5,185 Reviews
390,"ICT Mumbai - Institute of Chemical Technology, Mumbai",AAAAA,Public/Government,4.5/5,26 Reviews
391,MNIT Jaipur - Malaviya National Institute of Technology Jaipur,AAAA+,Public/Government,4.2/5,279 Reviews
392,"UPES Dehradun - UPES, Dehradun",--,Private,4.1/5,107 Reviews
393,VNIT Nagpur - Visvesvaraya National Institute of Technology Nagpur,AAAAA,Public/Government,4.2/5,129 Reviews
394,"SIMATS Chennai - Saveetha Institute of Medical and Technical Sciences, Chennai",AAAAA,Private,3.4/5,10 Reviews
395,"SIU Pune - Symbiosis International University, Pune",--,Private,3.9/5,49 Reviews
396,"SSN College of Engineering - Sri Sivasubramaniya Nadar College of Engineering, Kalavakkam",AAAAA,Private,4.6/5,67 Reviews
397,"LPU Jalandhar - Lovely Professional University, Phagwara",AAAA+,Private,4.4/5,1209 Reviews
398,NIT Durgapur - National Institute of Technology Durgapur,AAAAA,Public/Government,4.1/5,173 Reviews
399,NIT Silchar - National Institute of Technology Silchar,AAAA+,Public/Government,4.4/5,167 Reviews
400,IIT Madras (IITM) - Indian Institute of Technology Madras,AAAAA,Public/Government,4.7/5,127 Reviews
401,IIT Delhi - Indian Institute of Technology Delhi,AAAAA,Public/Government,4.6/5,324 Reviews
402,IIT Bombay - Indian Institute of Technology Bombay,AAAAA,Public/Government,4.6/5,165 Reviews
403,IIT Kanpur - Indian Institute of Technology Kanpur,AAAAA,Public/Government,4.4/5,165 Reviews
404,IIT Kharagpur - Indian Institute of Technology Kharagpur,AAAAA,Public/Government,4.7/5,330 Reviews
405,IIT Roorkee - Indian Institute of Technology Roorkee,AAAAA,Public/Government,4.4/5,417 Reviews
406,IIT Hyderabad - Indian Institute of Technology Hyderabad,AAAAA,Public/Government,4.6/5,32 Reviews
407,IIT Guwahati (IITG) - Indian Institute of Technology Guwahati,AAAAA,Public/Government,4.3/5,191 Reviews
408,NIT Trichy - National Institute of Technology Tiruchirappalli,AAAAA,Public/Government,4.4/5,306 Reviews
409,IIT BHU - Indian Institute of Technology Banaras Hindu University Varanasi,AAAAA,Public/Government,4.6/5,165 Reviews
410,"BITS Pilani - Birla Institute of Technology and Science, Pilani",AAAAA,Private,4.5/5,270 Reviews
411,IIT Indore - Indian Institute of Technology Indore,AAAAA,Public/Government,4.6/5,40 Reviews
412,NIT Rourkela - National Institute of Technology Rourkela,AAAAA,Public/Government,4.6/5,342 Reviews
413,"SRM University Chennai - SRM Institute of Science and Technology, Chennai",AAAAA,Private,4.3/5,755 Reviews
414,IIT ISM Dhanbad - Indian Institute of Technology Indian School of Mines Dhanbad,AAAAA,Public/Government,4.3/5,204 Reviews
415,"VIT Vellore - Vellore Institute of Technology, Vellore",AAAAA,Private,4.4/5,827 Reviews
416,NIT Surathkal (NITK) - National Institute of Technology Karnataka Surathkal,AAAAA,Public/Government,4.3/5,101 Reviews
417,"Jadavpur University, Kolkata",AAAAA,Public/Government,4.5/5,236 Reviews
418,IIT Patna - Indian Institute of Technology Patna,AAAAA,Public/Government,4.7/5,58 Reviews
419,"Anna University, Chennai",AAAA+,Public/Government,4.8/5,43 Reviews
420,NIT Calicut - National Institute of Technology Calicut,AAAAA,Public/Government,4.3/5,161 Reviews
421,"SOA University - Siksha 'O' Anusandhan, Bhubaneswar",AAAA+,Private,4.1/5,157 Reviews
422,"Amrita Vishwa Vidyapeetham, Coimbatore",AAAAA,Private,4.3/5,121 Reviews
423,"JMI New Delhi - Jamia Millia Islamia, New Delhi",AAAAA,Public/Government,4.5/5,414 Reviews
424,IIT Gandhinagar (IIT GN) - Indian Institute of Technology Gandhinagar,AAAAA,Public/Government,4.4/5,22 Reviews
425,IIT Mandi - Indian Institute of Technology Mandi,AAAAA,Public/Government,4.4/5,28 Reviews
426,IIT Jodhpur - Indian Institute of Technology Jodhpur,AAAAA,Public/Government,4.4/5,68 Reviews
427,NIT Warangal - National Institute of Technology Warangal,AAAAA,Public/Government,4.5/5,149 Reviews
428,"TIET Patiala - Thapar Institute of Engineering and Technology, Patiala",AAAAA,Private,4.3/5,339 Reviews
429,"DTU Delhi - Delhi Technological University, Delhi",AAAAA,Public/Government,4.5/5,465 Reviews
430,"Chandigarh University - Chandigarh University, Chandigarh",--,Private,4.3/5,829 Reviews
431,IIT Ropar (IIT-RPR) - Indian Institute of Technology Ropar,AAAAA,Public/Government,4.5/5,126 Reviews
432,"Kalasalingam Academy of Research and Education, Virudhunagar",AAAA+,Private,4.0/5,37 Reviews
433,"AMU Aligarh - Aligarh Muslim University, Aligarh",--,Public/Government,4.7/5,425 Reviews
434,"KL University Guntur - Koneru Lakshmaiah Education Foundation, Guntur",--,Private,4.4/5,170 Reviews
435,"KIIT - Kalinga Institute of Industrial Technology, Bhubaneswar",AAAA+,Private,4.3/5,581 Reviews
436,"Amity University, Noida",--,Private,4.1/5,418 Reviews
437,"IIIT Hyderabad - International Institute of Information Technology, Hyderabad",AAAAA,Private,4.5/5,35 Reviews
438,IIT Bhubaneswar - Indian Institute of Technology Bhubaneswar,AAAAA,Public/Government,4.3/5,33 Reviews
439,"SASTRA University Thanjavur - Shanmugha Arts Science Technology Research and Academy, Thanjavur",AAAAA,Private,4.2/5,185 Reviews
440,"ICT Mumbai - Institute of Chemical Technology, Mumbai",AAAAA,Public/Government,4.5/5,26 Reviews
441,MNIT Jaipur - Malaviya National Institute of Technology Jaipur,AAAA+,Public/Government,4.2/5,279 Reviews
442,"UPES Dehradun - UPES, Dehradun",--,Private,4.1/5,107 Reviews
443,VNIT Nagpur - Visvesvaraya National Institute of Technology Nagpur,AAAAA,Public/Government,4.2/5,129 Reviews
444,"SIMATS Chennai - Saveetha Institute of Medical and Technical Sciences, Chennai",AAAAA,Private,3.4/5,10 Reviews
445,"SIU Pune - Symbiosis International University, Pune",--,Private,3.9/5,49 Reviews
446,"SSN College of Engineering - Sri Sivasubramaniya Nadar College of Engineering, Kalavakkam",AAAAA,Private,4.6/5,67 Reviews
447,"LPU Jalandhar - Lovely Professional University, Phagwara",AAAA+,Private,4.4/5,1209 Reviews
448,NIT Durgapur - National Institute of Technology Durgapur,AAAAA,Public/Government,4.1/5,173 Reviews
449,NIT Silchar - National Institute of Technology Silchar,AAAA+,Public/Government,4.4/5,167 Reviews
450,IIT Madras (IITM) - Indian Institute of Technology Madras,AAAAA,Public/Government,4.7/5,127 Reviews
451,IIT Delhi - Indian Institute of Technology Delhi,AAAAA,Public/Government,4.6/5,324 Reviews
452,IIT Bombay - Indian Institute of Technology Bombay,AAAAA,Public/Government,4.6/5,165 Reviews
453,IIT Kanpur - Indian Institute of Technology Kanpur,AAAAA,Public/Government,4.4/5,165 Reviews
454,IIT Kharagpur - Indian Institute of Technology Kharagpur,AAAAA,Public/Government,4.7/5,330 Reviews
455,IIT Roorkee - Indian Institute of Technology Roorkee,AAAAA,Public/Government,4.4/5,417 Reviews
456,IIT Hyderabad - Indian Institute of Technology Hyderabad,AAAAA,Public/Government,4.6/5,32 Reviews
457,IIT Guwahati (IITG) - Indian Institute of Technology Guwahati,AAAAA,Public/Government,4.3/5,191 Reviews
458,NIT Trichy - National Institute of Technology Tiruchirappalli,AAAAA,Public/Government,4.4/5,306 Reviews
459,IIT BHU - Indian Institute of Technology Banaras Hindu University Varanasi,AAAAA,Public/Government,4.6/5,165 Reviews
460,"BITS Pilani - Birla Institute of Technology and Science, Pilani",AAAAA,Private,4.5/5,270 Reviews
461,IIT Indore - Indian Institute of Technology Indore,AAAAA,Public/Government,4.6/5,40 Reviews
462,NIT Rourkela - National Institute of Technology Rourkela,AAAAA,Public/Government,4.6/5,342 Reviews
463,"SRM University Chennai - SRM Institute of Science and Technology, Chennai",AAAAA,Private,4.3/5,755 Reviews
464,IIT ISM Dhanbad - Indian Institute of Technology Indian School of Mines Dhanbad,AAAAA,Public/Government,4.3/5,204 Reviews
465,"VIT Vellore - Vellore Institute of Technology, Vellore",AAAAA,Private,4.4/5,827 Reviews
466,NIT Surathkal (NITK) - National Institute of Technology Karnataka Surathkal,AAAAA,Public/Government,4.3/5,101 Reviews
467,"Jadavpur University, Kolkata",AAAAA,Public/Government,4.5/5,236 Reviews
468,IIT Patna - Indian Institute of Technology Patna,AAAAA,Public/Government,4.7/5,58 Reviews
469,"Anna University, Chennai",AAAA+,Public/Government,4.8/5,43 Reviews
470,NIT Calicut - National Institute of Technology Calicut,AAAAA,Public/Government,4.3/5,161 Reviews
471,"SOA University - Siksha 'O' Anusandhan, Bhubaneswar",AAAA+,Private,4.1/5,157 Reviews
472,"Amrita Vishwa Vidyapeetham, Coimbatore",AAAAA,Private,4.3/5,121 Reviews
473,"JMI New Delhi - Jamia Millia Islamia, New Delhi",AAAAA,Public/Government,4.5/5,414 Reviews
474,IIT Gandhinagar (IIT GN) - Indian Institute of Technology Gandhinagar,AAAAA,Public/Government,4.4/5,22 Reviews
475,IIT Mandi - Indian Institute of Technology Mandi,AAAAA,Public/Government,4.4/5,28 Reviews
476,IIT Jodhpur - Indian Institute of Technology Jodhpur,AAAAA,Public/Government,4.4/5,68 Reviews
477,NIT Warangal - National Institute of Technology Warangal,AAAAA,Public/Government,4.5/5,149 Reviews
478,"TIET Patiala - Thapar Institute of Engineering and Technology, Patiala",AAAAA,Private,4.3/5,339 Reviews
479,"DTU Delhi - Delhi Technological University, Delhi",AAAAA,Public/Government,4.5/5,465 Reviews
480,"Chandigarh University - Chandigarh University, Chandigarh",--,Private,4.3/5,829 Reviews
481,IIT Ropar (IIT-RPR) - Indian Institute of Technology Ropar,AAAAA,Public/Government,4.5/5,126 Reviews
482,"Kalasalingam Academy of Research and Education, Virudhunagar",AAAA+,Private,4.0/5,37 Reviews
483,"AMU Aligarh - Aligarh Muslim University, Aligarh",--,Public/Government,4.7/5,425 Reviews
484,"KL University Guntur - Koneru Lakshmaiah Education Foundation, Guntur",--,Private,4.4/5,170 Reviews
485,"KIIT - Kalinga Institute of Industrial Technology, Bhubaneswar",AAAA+,Private,4.3/5,581 Reviews
486,"Amity University, Noida",--,Private,4.1/5,418 Reviews
487,"IIIT Hyderabad - International Institute of Information Technology, Hyderabad",AAAAA,Private,4.5/5,35 Reviews
488,IIT Bhubaneswar - Indian Institute of Technology Bhubaneswar,AAAAA,Public/Government,4.3/5,33 Reviews
489,"SASTRA University Thanjavur - Shanmugha Arts Science Technology Research and Academy, Thanjavur",AAAAA,Private,4.2/5,185 Reviews
490,"ICT Mumbai - Institute of Chemical Technology, Mumbai",AAAAA,Public/Government,4.5/5,26 Reviews
491,MNIT Jaipur - Malaviya National Institute of Technology Jaipur,AAAA+,Public/Government,4.2/5,279 Reviews
492,"UPES Dehradun - UPES, Dehradun",--,Private,4.1/5,107 Reviews
493,VNIT Nagpur - Visvesvaraya National Institute of Technology Nagpur,AAAAA,Public/Government,4.2/5,129 Reviews
494,"SIMATS Chennai - Saveetha Institute of Medical and Technical Sciences, Chennai",AAAAA,Private,3.4/5,10 Reviews
495,"SIU Pune - Symbiosis International University, Pune",--,Private,3.9/5,49 Reviews
496,"SSN College of Engineering - Sri Sivasubramaniya Nadar College of Engineering, Kalavakkam",AAAAA,Private,4.6/5,67 Reviews
497,"LPU Jalandhar - Lovely Professional University, Phagwara",AAAA+,Private,4.4/5,1209 Reviews
498,NIT Durgapur - National Institute of Technology Durgapur,AAAAA,Public/Government,4.1/5,173 Reviews
499,NIT Silchar - National Institute of Technology Silchar,AAAA+,Public/Government,4.4/5,167 Reviews
500,IIT Madras (IITM) - Indian Institute of Technology Madras,AAAAA,Public/Government,4.7/5,127 Reviews
501,IIT Delhi - Indian Institute of Technology Delhi,AAAAA,Public/Government,4.6/5,324 Reviews
502,IIT Bombay - Indian Institute of Technology Bombay,AAAAA,Public/Government,4.6/5,165 Reviews
503,IIT Kanpur - Indian Institute of Technology Kanpur,AAAAA,Public/Government,4.4/5,165 Reviews
504,IIT Kharagpur - Indian Institute of Technology Kharagpur,AAAAA,Public/Government,4.7/5,330 Reviews
505,IIT Roorkee - Indian Institute of Technology Roorkee,AAAAA,Public/Government,4.4/5,417 Reviews
506,IIT Hyderabad - Indian Institute of Technology Hyderabad,AAAAA,Public/Government,4.6/5,32 Reviews
507,IIT Guwahati (IITG) - Indian Institute of Technology Guwahati,AAAAA,Public/Government,4.3/5,191 Reviews
508,NIT Trichy - National Institute of Technology Tiruchirappalli,AAAAA,Public/Government,4.4/5,306 Reviews
509,IIT BHU - Indian Institute of Technology Banaras Hindu University Varanasi,AAAAA,Public/Government,4.6/5,165 Reviews
510,"BITS Pilani - Birla Institute of Technology and Science, Pilani",AAAAA,Private,4.5/5,270 Reviews
511,IIT Indore - Indian Institute of Technology Indore,AAAAA,Public/Government,4.6/5,40 Reviews
512,NIT Rourkela - National Institute of Technology Rourkela,AAAAA,Public/Government,4.6/5,342 Reviews
513,"SRM University Chennai - SRM Institute of Science and Technology, Chennai",AAAAA,Private,4.3/5,755 Reviews
514,IIT ISM Dhanbad - Indian Institute of Technology Indian School of Mines Dhanbad,AAAAA,Public/Government,4.3/5,204 Reviews
515,"VIT Vellore - Vellore Institute of Technology, Vellore",AAAAA,Private,4.4/5,827 Reviews
516,NIT Surathkal (NITK) - National Institute of Technology Karnataka Surathkal,AAAAA,Public/Government,4.3/5,101 Reviews
517,"Jadavpur University, Kolkata",AAAAA,Public/Government,4.5/5,236 Reviews
518,IIT Patna - Indian Institute of Technology Patna,AAAAA,Public/Government,4.7/5,58 Reviews
519,"Anna University, Chennai",AAAA+,Public/Government,4.8/5,43 Reviews
520,NIT Calicut - National Institute of Technology Calicut,AAAAA,Public/Government,4.3/5,161 Reviews
521,"SOA University - Siksha 'O' Anusandhan, Bhubaneswar",AAAA+,Private,4.1/5,157 Reviews
522,"Amrita Vishwa Vidyapeetham, Coimbatore",AAAAA,Private,4.3/5,121 Reviews
523,"JMI New Delhi - Jamia Millia Islamia, New Delhi",AAAAA,Public/Government,4.5/5,414 Reviews
524,IIT Gandhinagar (IIT GN) - Indian Institute of Technology Gandhinagar,AAAAA,Public/Government,4.4/5,22 Reviews
525,IIT Mandi - Indian Institute of Technology Mandi,AAAAA,Public/Government,4.4/5,28 Reviews
526,IIT Jodhpur - Indian Institute of Technology Jodhpur,AAAAA,Public/Government,4.4/5,68 Reviews
527,NIT Warangal - National Institute of Technology Warangal,AAAAA,Public/Government,4.5/5,149 Reviews
528,"TIET Patiala - Thapar Institute of Engineering and Technology, Patiala",AAAAA,Private,4.3/5,339 Reviews
529,"DTU Delhi - Delhi Technological University, Delhi",AAAAA,Public/Government,4.5/5,465 Reviews
530,"Chandigarh University - Chandigarh University, Chandigarh",--,Private,4.3/5,829 Reviews
531,IIT Ropar (IIT-RPR) - Indian Institute of Technology Ropar,AAAAA,Public/Government,4.5/5,126 Reviews
532,"Kalasalingam Academy of Research and Education, Virudhunagar",AAAA+,Private,4.0/5,37 Reviews
533,"AMU Aligarh - Aligarh Muslim University, Aligarh",--,Public/Government,4.7/5,425 Reviews
534,"KL University Guntur - Koneru Lakshmaiah Education Foundation, Guntur",--,Private,4.4/5,170 Reviews
535,"KIIT - Kalinga Institute of Industrial Technology, Bhubaneswar",AAAA+,Private,4.3/5,581 Reviews
536,"Amity University, Noida",--,Private,4.1/5,418 Reviews
537,"IIIT Hyderabad - International Institute of Information Technology, Hyderabad",AAAAA,Private,4.5/5,35 Reviews
538,IIT Bhubaneswar - Indian Institute of Technology Bhubaneswar,AAAAA,Public/Government,4.3/5,33 Reviews
539,"SASTRA University Thanjavur - Shanmugha Arts Science Technology Research and Academy, Thanjavur",AAAAA,Private,4.2/5,185 Reviews
540,"ICT Mumbai - Institute of Chemical Technology, Mumbai",AAAAA,Public/Government,4.5/5,26 Reviews
541,MNIT Jaipur - Malaviya National Institute of Technology Jaipur,AAAA+,Public/Government,4.2/5,279 Reviews
542,"UPES Dehradun - UPES, Dehradun",--,Private,4.1/5,107 Reviews
543,VNIT Nagpur - Visvesvaraya National Institute of Technology Nagpur,AAAAA,Public/Government,4.2/5,129 Reviews
544,"SIMATS Chennai - Saveetha Institute of Medical and Technical Sciences, Chennai",AAAAA,Private,3.4/5,10 Reviews
545,"SIU Pune - Symbiosis International University, Pune",--,Private,3.9/5,49 Reviews
546,"SSN College of Engineering - Sri Sivasubramaniya Nadar College of Engineering, Kalavakkam",AAAAA,Private,4.6/5,67 Reviews
547,"LPU Jalandhar - Lovely Professional University, Phagwara",AAAA+,Private,4.4/5,1209 Reviews
548,NIT Durgapur - National Institute of Technology Durgapur,AAAAA,Public/Government,4.1/5,173 Reviews
549,NIT Silchar - National Institute of Technology Silchar,AAAA+,Public/Government,4.4/5,167 Reviews
550,IIT Madras (IITM) - Indian Institute of Technology Madras,AAAAA,Public/Government,4.7/5,127 Reviews
551,IIT Delhi - Indian Institute of Technology Delhi,AAAAA,Public/Government,4.6/5,324 Reviews
552,IIT Bombay - Indian Institute of Technology Bombay,AAAAA,Public/Government,4.6/5,165 Reviews
553,IIT Kanpur - Indian Institute of Technology Kanpur,AAAAA,Public/Government,4.4/5,165 Reviews
554,IIT Kharagpur - Indian Institute of Technology Kharagpur,AAAAA,Public/Government,4.7/5,330 Reviews
555,IIT Roorkee - Indian Institute of Technology Roorkee,AAAAA,Public/Government,4.4/5,417 Reviews
556,IIT Hyderabad - Indian Institute of Technology Hyderabad,AAAAA,Public/Government,4.6/5,32 Reviews
557,IIT Guwahati (IITG) - Indian Institute of Technology Guwahati,AAAAA,Public/Government,4.3/5,191 Reviews
558,NIT Trichy - National Institute of Technology Tiruchirappalli,AAAAA,Public/Government,4.4/5,306 Reviews
559,IIT BHU - Indian Institute of Technology Banaras Hindu University Varanasi,AAAAA,Public/Government,4.6/5,165 Reviews
560,"BITS Pilani - Birla Institute of Technology and Science, Pilani",AAAAA,Private,4.5/5,270 Reviews
561,IIT Indore - Indian Institute of Technology Indore,AAAAA,Public/Government,4.6/5,40 Reviews
562,NIT Rourkela - National Institute of Technology Rourkela,AAAAA,Public/Government,4.6/5,342 Reviews
563,"SRM University Chennai - SRM Institute of Science and Technology, Chennai",AAAAA,Private,4.3/5,755 Reviews
564,IIT ISM Dhanbad - Indian Institute of Technology Indian School of Mines Dhanbad,AAAAA,Public/Government,4.3/5,204 Reviews
565,"VIT Vellore - Vellore Institute of Technology, Vellore",AAAAA,Private,4.4/5,827 Reviews
566,NIT Surathkal (NITK) - National Institute of Technology Karnataka Surathkal,AAAAA,Public/Government,4.3/5,101 Reviews
567,"Jadavpur University, Kolkata",AAAAA,Public/Government,4.5/5,236 Reviews
568,IIT Patna - Indian Institute of Technology Patna,AAAAA,Public/Government,4.7/5,58 Reviews
569,"Anna University, Chennai",AAAA+,Public/Government,4.8/5,43 Reviews
570,NIT Calicut - National Institute of Technology Calicut,AAAAA,Public/Government,4.3/5,161 Reviews
571,"SOA University - Siksha 'O' Anusandhan, Bhubaneswar",AAAA+,Private,4.1/5,157 Reviews
572,"Amrita Vishwa Vidyapeetham, Coimbatore",AAAAA,Private,4.3/5,121 Reviews
573,"JMI New Delhi - Jamia Millia Islamia, New Delhi",AAAAA,Public/Government,4.5/5,414 Reviews
574,IIT Gandhinagar (IIT GN) - Indian Institute of Technology Gandhinagar,AAAAA,Public/Government,4.4/5,22 Reviews
575,IIT Mandi - Indian Institute of Technology Mandi,AAAAA,Public/Government,4.4/5,28 Reviews
576,IIT Jodhpur - Indian Institute of Technology Jodhpur,AAAAA,Public/Government,4.4/5,68 Reviews
577,NIT Warangal - National Institute of Technology Warangal,AAAAA,Public/Government,4.5/5,149 Reviews
578,"TIET Patiala - Thapar Institute of Engineering and Technology, Patiala",AAAAA,Private,4.3/5,339 Reviews
579,"DTU Delhi - Delhi Technological University, Delhi",AAAAA,Public/Government,4.5/5,465 Reviews
580,"Chandigarh University - Chandigarh University, Chandigarh",--,Private,4.3/5,829 Reviews
581,IIT Ropar (IIT-RPR) - Indian Institute of Technology Ropar,AAAAA,Public/Government,4.5/5,126 Reviews
582,"Kalasalingam Academy of Research and Education, Virudhunagar",AAAA+,Private,4.0/5,37 Reviews
583,"AMU Aligarh - Aligarh Muslim University, Aligarh",--,Public/Government,4.7/5,425 Reviews
584,"KL University Guntur - Koneru Lakshmaiah Education Foundation, Guntur",--,Private,4.4/5,170 Reviews
585,"KIIT - Kalinga Institute of Industrial Technology, Bhubaneswar",AAAA+,Private,4.3/5,581 Reviews
586,"Amity University, Noida",--,Private,4.1/5,418 Reviews
587,"IIIT Hyderabad - International Institute of Information Technology, Hyderabad",AAAAA,Private,4.5/5,35 Reviews
588,IIT Bhubaneswar - Indian Institute of Technology Bhubaneswar,AAAAA,Public/Government,4.3/5,33 Reviews
589,"SASTRA University Thanjavur - Shanmugha Arts Science Technology Research and Academy, Thanjavur",AAAAA,Private,4.2/5,185 Reviews
590,"ICT Mumbai - Institute of Chemical Technology, Mumbai",AAAAA,Public/Government,4.5/5,26 Reviews
591,MNIT Jaipur - Malaviya National Institute of Technology Jaipur,AAAA+,Public/Government,4.2/5,279 Reviews
592,"UPES Dehradun - UPES, Dehradun",--,Private,4.1/5,107 Reviews
593,VNIT Nagpur - Visvesvaraya National Institute of Technology Nagpur,AAAAA,Public/Government,4.2/5,129 Reviews
594,"SIMATS Chennai - Saveetha Institute of Medical and Technical Sciences, Chennai",AAAAA,Private,3.4/5,10 Reviews
595,"SIU Pune - Symbiosis International University, Pune",--,Private,3.9/5,49 Reviews
596,"SSN College of Engineering - Sri Sivasubramaniya Nadar College of Engineering, Kalavakkam",AAAAA,Private,4.6/5,67 Reviews
597,"LPU Jalandhar - Lovely Professional University, Phagwara",AAAA+,Private,4.4/5,1209 Reviews
598,NIT Durgapur - National Institute of Technology Durgapur,AAAAA,Public/Government,4.1/5,173 Reviews
599,NIT Silchar - National Institute of Technology Silchar,AAAA+,Public/Government,4.4/5,167 Reviews
600,IIT Madras (IITM) - Indian Institute of Technology Madras,AAAAA,Public/Government,4.7/5,127 Reviews
601,IIT Delhi - Indian Institute of Technology Delhi,AAAAA,Public/Government,4.6/5,324 Reviews
602,IIT Bombay - Indian Institute of Technology Bombay,AAAAA,Public/Government,4.6/5,165 Reviews
603,IIT Kanpur - Indian Institute of Technology Kanpur,AAAAA,Public/Government,4.4/5,165 Reviews
604,IIT Kharagpur - Indian Institute of Technology Kharagpur,AAAAA,Public/Government,4.7/5,330 Reviews
605,IIT Roorkee - Indian Institute of Technology Roorkee,AAAAA,Public/Government,4.4/5,417 Reviews
606,IIT Hyderabad - Indian Institute of Technology Hyderabad,AAAAA,Public/Government,4.6/5,32 Reviews
607,IIT Guwahati (IITG) - Indian Institute of Technology Guwahati,AAAAA,Public/Government,4.3/5,191 Reviews
608,NIT Trichy - National Institute of Technology Tiruchirappalli,AAAAA,Public/Government,4.4/5,306 Reviews
609,IIT BHU - Indian Institute of Technology Banaras Hindu University Varanasi,AAAAA,Public/Government,4.6/5,165 Reviews
610,"BITS Pilani - Birla Institute of Technology and Science, Pilani",AAAAA,Private,4.5/5,270 Reviews
611,IIT Indore - Indian Institute of Technology Indore,AAAAA,Public/Government,4.6/5,40 Reviews
612,NIT Rourkela - National Institute of Technology Rourkela,AAAAA,Public/Government,4.6/5,342 Reviews
613,"SRM University Chennai - SRM Institute of Science and Technology, Chennai",AAAAA,Private,4.3/5,755 Reviews
614,IIT ISM Dhanbad - Indian Institute of Technology Indian School of Mines Dhanbad,AAAAA,Public/Government,4.3/5,204 Reviews
615,"VIT Vellore - Vellore Institute of Technology, Vellore",AAAAA,Private,4.4/5,827 Reviews
616,NIT Surathkal (NITK) - National Institute of Technology Karnataka Surathkal,AAAAA,Public/Government,4.3/5,101 Reviews
617,"Jadavpur University, Kolkata",AAAAA,Public/Government,4.5/5,236 Reviews
618,IIT Patna - Indian Institute of Technology Patna,AAAAA,Public/Government,4.7/5,58 Reviews
619,"Anna University, Chennai",AAAA+,Public/Government,4.8/5,43 Reviews
620,NIT Calicut - National Institute of Technology Calicut,AAAAA,Public/Government,4.3/5,161 Reviews
621,"SOA University - Siksha 'O' Anusandhan, Bhubaneswar",AAAA+,Private,4.1/5,157 Reviews
622,"Amrita Vishwa Vidyapeetham, Coimbatore",AAAAA,Private,4.3/5,121 Reviews
623,"JMI New Delhi - Jamia Millia Islamia, New Delhi",AAAAA,Public/Government,4.5/5,414 Reviews
624,IIT Gandhinagar (IIT GN) - Indian Institute of Technology Gandhinagar,AAAAA,Public/Government,4.4/5,22 Reviews
625,IIT Mandi - Indian Institute of Technology Mandi,AAAAA,Public/Government,4.4/5,28 Reviews
626,IIT Jodhpur - Indian Institute of Technology Jodhpur,AAAAA,Public/Government,4.4/5,68 Reviews
627,NIT Warangal - National Institute of Technology Warangal,AAAAA,Public/Government,4.5/5,149 Reviews
628,"TIET Patiala - Thapar Institute of Engineering and Technology, Patiala",AAAAA,Private,4.3/5,339 Reviews
629,"DTU Delhi - Delhi Technological University, Delhi",AAAAA,Public/Government,4.5/5,465 Reviews
630,"Chandigarh University - Chandigarh University, Chandigarh",--,Private,4.3/5,829 Reviews
631,IIT Ropar (IIT-RPR) - Indian Institute of Technology Ropar,AAAAA,Public/Government,4.5/5,126 Reviews
632,"Kalasalingam Academy of Research and Education, Virudhunagar",AAAA+,Private,4.0/5,37 Reviews
633,"AMU Aligarh - Aligarh Muslim University, Aligarh",--,Public/Government,4.7/5,425 Reviews
634,"KL University Guntur - Koneru Lakshmaiah Education Foundation, Guntur",--,Private,4.4/5,170 Reviews
635,"KIIT - Kalinga Institute of Industrial Technology, Bhubaneswar",AAAA+,Private,4.3/5,581 Reviews
636,"Amity University, Noida",--,Private,4.1/5,418 Reviews
637,"IIIT Hyderabad - International Institute of Information Technology, Hyderabad",AAAAA,Private,4.5/5,35 Reviews
638,IIT Bhubaneswar - Indian Institute of Technology Bhubaneswar,AAAAA,Public/Government,4.3/5,33 Reviews
639,"SASTRA University Thanjavur - Shanmugha Arts Science Technology Research and Academy, Thanjavur",AAAAA,Private,4.2/5,185 Reviews
640,"ICT Mumbai - Institute of Chemical Technology, Mumbai",AAAAA,Public/Government,4.5/5,26 Reviews
641,MNIT Jaipur - Malaviya National Institute of Technology Jaipur,AAAA+,Public/Government,4.2/5,279 Reviews
642,"UPES Dehradun - UPES, Dehradun",--,Private,4.1/5,107 Reviews
643,VNIT Nagpur - Visvesvaraya National Institute of Technology Nagpur,AAAAA,Public/Government,4.2/5,129 Reviews
644,"SIMATS Chennai - Saveetha Institute of Medical and Technical Sciences, Chennai",AAAAA,Private,3.4/5,10 Reviews
645,"SIU Pune - Symbiosis International University, Pune",--,Private,3.9/5,49 Reviews
646,"SSN College of Engineering - Sri Sivasubramaniya Nadar College of Engineering, Kalavakkam",AAAAA,Private,4.6/5,67 Reviews
647,"LPU Jalandhar - Lovely Professional University, Phagwara",AAAA+,Private,4.4/5,1209 Reviews
648,NIT Durgapur - National Institute of Technology Durgapur,AAAAA,Public/Government,4.1/5,173 Reviews
649,NIT Silchar - National Institute of Technology Silchar,AAAA+,Public/Government,4.4/5,167 Reviews
650,IIT Madras (IITM) - Indian Institute of Technology Madras,AAAAA,Public/Government,4.7/5,127 Reviews
651,IIT Delhi - Indian Institute of Technology Delhi,AAAAA,Public/Government,4.6/5,324 Reviews
652,IIT Bombay - Indian Institute of Technology Bombay,AAAAA,Public/Government,4.6/5,165 Reviews
653,IIT Kanpur - Indian Institute of Technology Kanpur,AAAAA,Public/Government,4.4/5,165 Reviews
654,IIT Kharagpur - Indian Institute of Technology Kharagpur,AAAAA,Public/Government,4.7/5,330 Reviews
655,IIT Roorkee - Indian Institute of Technology Roorkee,AAAAA,Public/Government,4.4/5,417 Reviews
656,IIT Hyderabad - Indian Institute of Technology Hyderabad,AAAAA,Public/Government,4.6/5,32 Reviews
657,IIT Guwahati (IITG) - Indian Institute of Technology Guwahati,AAAAA,Public/Government,4.3/5,191 Reviews
658,NIT Trichy - National Institute of Technology Tiruchirappalli,AAAAA,Public/Government,4.4/5,306 Reviews
659,IIT BHU - Indian Institute of Technology Banaras Hindu University Varanasi,AAAAA,Public/Government,4.6/5,165 Reviews
660,"BITS Pilani - Birla Institute of Technology and Science, Pilani",AAAAA,Private,4.5/5,270 Reviews
661,IIT Indore - Indian Institute of Technology Indore,AAAAA,Public/Government,4.6/5,40 Reviews
662,NIT Rourkela - National Institute of Technology Rourkela,AAAAA,Public/Government,4.6/5,342 Reviews
663,"SRM University Chennai - SRM Institute of Science and Technology, Chennai",AAAAA,Private,4.3/5,755 Reviews
664,IIT ISM Dhanbad - Indian Institute of Technology Indian School of Mines Dhanbad,AAAAA,Public/Government,4.3/5,204 Reviews
665,"VIT Vellore - Vellore Institute of Technology, Vellore",AAAAA,Private,4.4/5,827 Reviews
666,NIT Surathkal (NITK) - National Institute of Technology Karnataka Surathkal,AAAAA,Public/Government,4.3/5,101 Reviews
667,"Jadavpur University, Kolkata",AAAAA,Public/Government,4.5/5,236 Reviews
668,IIT Patna - Indian Institute of Technology Patna,AAAAA,Public/Government,4.7/5,58 Reviews
669,"Anna University, Chennai",AAAA+,Public/Government,4.8/5,43 Reviews
670,NIT Calicut - National Institute of Technology Calicut,AAAAA,Public/Government,4.3/5,161 Reviews
671,"SOA University - Siksha 'O' Anusandhan, Bhubaneswar",AAAA+,Private,4.1/5,157 Reviews
672,"Amrita Vishwa Vidyapeetham, Coimbatore",AAAAA,Private,4.3/5,121 Reviews
673,"JMI New Delhi - Jamia Millia Islamia, New Delhi",AAAAA,Public/Government,4.5/5,414 Reviews
674,IIT Gandhinagar (IIT GN) - Indian Institute of Technology Gandhinagar,AAAAA,Public/Government,4.4/5,22 Reviews
675,IIT Mandi - Indian Institute of Technology Mandi,AAAAA,Public/Government,4.4/5,28 Reviews
676,IIT Jodhpur - Indian Institute of Technology Jodhpur,AAAAA,Public/Government,4.4/5,68 Reviews
677,NIT Warangal - National Institute of Technology Warangal,AAAAA,Public/Government,4.5/5,149 Reviews
678,"TIET Patiala - Thapar Institute of Engineering and Technology, Patiala",AAAAA,Private,4.3/5,339 Reviews
679,"DTU Delhi - Delhi Technological University, Delhi",AAAAA,Public/Government,4.5/5,465 Reviews
680,"Chandigarh University - Chandigarh University, Chandigarh",--,Private,4.3/5,829 Reviews
681,IIT Ropar (IIT-RPR) - Indian Institute of Technology Ropar,AAAAA,Public/Government,4.5/5,126 Reviews
682,"Kalasalingam Academy of Research and Education, Virudhunagar",AAAA+,Private,4.0/5,37 Reviews
683,"AMU Aligarh - Aligarh Muslim University, Aligarh",--,Public/Government,4.7/5,425 Reviews
684,"KL University Guntur - Koneru Lakshmaiah Education Foundation, Guntur",--,Private,4.4/5,170 Reviews
685,"KIIT - Kalinga Institute of Industrial Technology, Bhubaneswar",AAAA+,Private,4.3/5,581 Reviews
686,"Amity University, Noida",--,Private,4.1/5,418 Reviews
687,"IIIT Hyderabad - International Institute of Information Technology, Hyderabad",AAAAA,Private,4.5/5,35 Reviews
688,IIT Bhubaneswar - Indian Institute of Technology Bhubaneswar,AAAAA,Public/Government,4.3/5,33 Reviews
689,"SASTRA University Thanjavur - Shanmugha Arts Science Technology Research and Academy, Thanjavur",AAAAA,Private,4.2/5,185 Reviews
690,"ICT Mumbai - Institute of Chemical Technology, Mumbai",AAAAA,Public/Government,4.5/5,26 Reviews
691,MNIT Jaipur - Malaviya National Institute of Technology Jaipur,AAAA+,Public/Government,4.2/5,279 Reviews
692,"UPES Dehradun - UPES, Dehradun",--,Private,4.1/5,107 Reviews
693,VNIT Nagpur - Visvesvaraya National Institute of Technology Nagpur,AAAAA,Public/Government,4.2/5,129 Reviews
694,"SIMATS Chennai - Saveetha Institute of Medical and Technical Sciences, Chennai",AAAAA,Private,3.4/5,10 Reviews
695,"SIU Pune - Symbiosis International University, Pune",--,Private,3.9/5,49 Reviews
696,"SSN College of Engineering - Sri Sivasubramaniya Nadar College of Engineering, Kalavakkam",AAAAA,Private,4.6/5,67 Reviews
697,"LPU Jalandhar - Lovely Professional University, Phagwara",AAAA+,Private,4.4/5,1209 Reviews
698,NIT Durgapur - National Institute of Technology Durgapur,AAAAA,Public/Government,4.1/5,173 Reviews
699,NIT Silchar - National Institute of Technology Silchar,AAAA+,Public/Government,4.4/5,167 Reviews
700,IIT Madras (IITM) - Indian Institute of Technology Madras,AAAAA,Public/Government,4.7/5,127 Reviews
701,IIT Delhi - Indian Institute of Technology Delhi,AAAAA,Public/Government,4.6/5,324 Reviews
702,IIT Bombay - Indian Institute of Technology Bombay,AAAAA,Public/Government,4.6/5,165 Reviews
703,IIT Kanpur - Indian Institute of Technology Kanpur,AAAAA,Public/Government,4.4/5,165 Reviews
704,IIT Kharagpur - Indian Institute of Technology Kharagpur,AAAAA,Public/Government,4.7/5,330 Reviews
705,IIT Roorkee - Indian Institute of Technology Roorkee,AAAAA,Public/Government,4.4/5,417 Reviews
706,IIT Hyderabad - Indian Institute of Technology Hyderabad,AAAAA,Public/Government,4.6/5,32 Reviews
707,IIT Guwahati (IITG) - Indian Institute of Technology Guwahati,AAAAA,Public/Government,4.3/5,191 Reviews
708,NIT Trichy - National Institute of Technology Tiruchirappalli,AAAAA,Public/Government,4.4/5,306 Reviews
709,IIT BHU - Indian Institute of Technology Banaras Hindu University Varanasi,AAAAA,Public/Government,4.6/5,165 Reviews
710,"BITS Pilani - Birla Institute of Technology and Science, Pilani",AAAAA,Private,4.5/5,270 Reviews
711,IIT Indore - Indian Institute of Technology Indore,AAAAA,Public/Government,4.6/5,40 Reviews
712,NIT Rourkela - National Institute of Technology Rourkela,AAAAA,Public/Government,4.6/5,342 Reviews
713,"SRM University Chennai - SRM Institute of Science and Technology, Chennai",AAAAA,Private,4.3/5,755 Reviews
714,IIT ISM Dhanbad - Indian Institute of Technology Indian School of Mines Dhanbad,AAAAA,Public/Government,4.3/5,204 Reviews
715,"VIT Vellore - Vellore Institute of Technology, Vellore",AAAAA,Private,4.4/5,827 Reviews
716,NIT Surathkal (NITK) - National Institute of Technology Karnataka Surathkal,AAAAA,Public/Government,4.3/5,101 Reviews
717,"Jadavpur University, Kolkata",AAAAA,Public/Government,4.5/5,236 Reviews
718,IIT Patna - Indian Institute of Technology Patna,AAAAA,Public/Government,4.7/5,58 Reviews
719,"Anna University, Chennai",AAAA+,Public/Government,4.8/5,43 Reviews
720,NIT Calicut - National Institute of Technology Calicut,AAAAA,Public/Government,4.3/5,161 Reviews
721,"SOA University - Siksha 'O' Anusandhan, Bhubaneswar",AAAA+,Private,4.1/5,157 Reviews
722,"Amrita Vishwa Vidyapeetham, Coimbatore",AAAAA,Private,4.3/5,121 Reviews
723,"JMI New Delhi - Jamia Millia Islamia, New Delhi",AAAAA,Public/Government,4.5/5,414 Reviews
724,IIT Gandhinagar (IIT GN) - Indian Institute of Technology Gandhinagar,AAAAA,Public/Government,4.4/5,22 Reviews
725,IIT Mandi - Indian Institute of Technology Mandi,AAAAA,Public/Government,4.4/5,28 Reviews
726,IIT Jodhpur - Indian Institute of Technology Jodhpur,AAAAA,Public/Government,4.4/5,68 Reviews
727,NIT Warangal - National Institute of Technology Warangal,AAAAA,Public/Government,4.5/5,149 Reviews
728,"TIET Patiala - Thapar Institute of Engineering and Technology, Patiala",AAAAA,Private,4.3/5,339 Reviews
729,"DTU Delhi - Delhi Technological University, Delhi",AAAAA,Public/Government,4.5/5,465 Reviews
730,"Chandigarh University - Chandigarh University, Chandigarh",--,Private,4.3/5,829 Reviews
731,IIT Ropar (IIT-RPR) - Indian Institute of Technology Ropar,AAAAA,Public/Government,4.5/5,126 Reviews
732,"Kalasalingam Academy of Research and Education, Virudhunagar",AAAA+,Private,4.0/5,37 Reviews
733,"AMU Aligarh - Aligarh Muslim University, Aligarh",--,Public/Government,4.7/5,425 Reviews
734,"KL University Guntur - Koneru Lakshmaiah Education Foundation, Guntur",--,Private,4.4/5,170 Reviews
735,"KIIT - Kalinga Institute of Industrial Technology, Bhubaneswar",AAAA+,Private,4.3/5,581 Reviews
736,"Amity University, Noida",--,Private,4.1/5,418 Reviews
737,"IIIT Hyderabad - International Institute of Information Technology, Hyderabad",AAAAA,Private,4.5/5,35 Reviews
738,IIT Bhubaneswar - Indian Institute of Technology Bhubaneswar,AAAAA,Public/Government,4.3/5,33 Reviews
739,"SASTRA University Thanjavur - Shanmugha Arts Science Technology Research and Academy, Thanjavur",AAAAA,Private,4.2/5,185 Reviews
740,"ICT Mumbai - Institute of Chemical Technology, Mumbai",AAAAA,Public/Government,4.5/5,26 Reviews
741,MNIT Jaipur - Malaviya National Institute of Technology Jaipur,AAAA+,Public/Government,4.2/5,279 Reviews
742,"UPES Dehradun - UPES, Dehradun",--,Private,4.1/5,107 Reviews
743,VNIT Nagpur - Visvesvaraya National Institute of Technology Nagpur,AAAAA,Public/Government,4.2/5,129 Reviews
744,"SIMATS Chennai - Saveetha Institute of Medical and Technical Sciences, Chennai",AAAAA,Private,3.4/5,10 Reviews
745,"SIU Pune - Symbiosis International University, Pune",--,Private,3.9/5,49 Reviews
746,"SSN College of Engineering - Sri Sivasubramaniya Nadar College of Engineering, Kalavakkam",AAAAA,Private,4.6/5,67 Reviews
747,"LPU Jalandhar - Lovely Professional University, Phagwara",AAAA+,Private,4.4/5,1209 Reviews
748,NIT Durgapur - National Institute of Technology Durgapur,AAAAA,Public/Government,4.1/5,173 Reviews
749,NIT Silchar - National Institute of Technology Silchar,AAAA+,Public/Government,4.4/5,167 Reviews
750,IIT Madras (IITM) - Indian Institute of Technology Madras,AAAAA,Public/Government,4.7/5,127 Reviews
751,IIT Delhi - Indian Institute of Technology Delhi,AAAAA,Public/Government,4.6/5,324 Reviews
752,IIT Bombay - Indian Institute of Technology Bombay,AAAAA,Public/Government,4.6/5,165 Reviews
753,IIT Kanpur - Indian Institute of Technology Kanpur,AAAAA,Public/Government,4.4/5,165 Reviews
754,IIT Kharagpur - Indian Institute of Technology Kharagpur,AAAAA,Public/Government,4.7/5,330 Reviews
755,IIT Roorkee - Indian Institute of Technology Roorkee,AAAAA,Public/Government,4.4/5,417 Reviews
756,IIT Hyderabad - Indian Institute of Technology Hyderabad,AAAAA,Public/Government,4.6/5,32 Reviews
757,IIT Guwahati (IITG) - Indian Institute of Technology Guwahati,AAAAA,Public/Government,4.3/5,191 Reviews
758,NIT Trichy - National Institute of Technology Tiruchirappalli,AAAAA,Public/Government,4.4/5,306 Reviews
759,IIT BHU - Indian Institute of Technology Banaras Hindu University Varanasi,AAAAA,Public/Government,4.6/5,165 Reviews
760,"BITS Pilani - Birla Institute of Technology and Science, Pilani",AAAAA,Private,4.5/5,270 Reviews
761,IIT Indore - Indian Institute of Technology Indore,AAAAA,Public/Government,4.6/5,40 Reviews
762,NIT Rourkela - National Institute of Technology Rourkela,AAAAA,Public/Government,4.6/5,342 Reviews
763,"SRM University Chennai - SRM Institute of Science and Technology, Chennai",AAAAA,Private,4.3/5,755 Reviews
764,IIT ISM Dhanbad - Indian Institute of Technology Indian School of Mines Dhanbad,AAAAA,Public/Government,4.3/5,204 Reviews
765,"VIT Vellore - Vellore Institute of Technology, Vellore",AAAAA,Private,4.4/5,827 Reviews
766,NIT Surathkal (NITK) - National Institute of Technology Karnataka Surathkal,AAAAA,Public/Government,4.3/5,101 Reviews
767,"Jadavpur University, Kolkata",AAAAA,Public/Government,4.5/5,236 Reviews
768,IIT Patna - Indian Institute of Technology Patna,AAAAA,Public/Government,4.7/5,58 Reviews
769,"Anna University, Chennai",AAAA+,Public/Government,4.8/5,43 Reviews
770,NIT Calicut - National Institute of Technology Calicut,AAAAA,Public/Government,4.3/5,161 Reviews
771,"SOA University - Siksha 'O' Anusandhan, Bhubaneswar",AAAA+,Private,4.1/5,157 Reviews
772,"Amrita Vishwa Vidyapeetham, Coimbatore",AAAAA,Private,4.3/5,121 Reviews
773,"JMI New Delhi - Jamia Millia Islamia, New Delhi",AAAAA,Public/Government,4.5/5,414 Reviews
774,IIT Gandhinagar (IIT GN) - Indian Institute of Technology Gandhinagar,AAAAA,Public/Government,4.4/5,22 Reviews
775,IIT Mandi - Indian Institute of Technology Mandi,AAAAA,Public/Government,4.4/5,28 Reviews
776,IIT Jodhpur - Indian Institute of Technology Jodhpur,AAAAA,Public/Government,4.4/5,68 Reviews
777,NIT Warangal - National Institute of Technology Warangal,AAAAA,Public/Government,4.5/5,149 Reviews
778,"TIET Patiala - Thapar Institute of Engineering and Technology, Patiala",AAAAA,Private,4.3/5,339 Reviews
779,"DTU Delhi - Delhi Technological University, Delhi",AAAAA,Public/Government,4.5/5,465 Reviews
780,"Chandigarh University - Chandigarh University, Chandigarh",--,Private,4.3/5,829 Reviews
781,IIT Ropar (IIT-RPR) - Indian Institute of Technology Ropar,AAAAA,Public/Government,4.5/5,126 Reviews
782,"Kalasalingam Academy of Research and Education, Virudhunagar",AAAA+,Private,4.0/5,37 Reviews
783,"AMU Aligarh - Aligarh Muslim University, Aligarh",--,Public/Government,4.7/5,425 Reviews
784,"KL University Guntur - Koneru Lakshmaiah Education Foundation, Guntur",--,Private,4.4/5,170 Reviews
785,"KIIT - Kalinga Institute of Industrial Technology, Bhubaneswar",AAAA+,Private,4.3/5,581 Reviews
786,"Amity University, Noida",--,Private,4.1/5,418 Reviews
787,"IIIT Hyderabad - International Institute of Information Technology, Hyderabad",AAAAA,Private,4.5/5,35 Reviews
788,IIT Bhubaneswar - Indian Institute of Technology Bhubaneswar,AAAAA,Public/Government,4.3/5,33 Reviews
789,"SASTRA University Thanjavur - Shanmugha Arts Science Technology Research and Academy, Thanjavur",AAAAA,Private,4.2/5,185 Reviews
790,"ICT Mumbai - Institute of Chemical Technology, Mumbai",AAAAA,Public/Government,4.5/5,26 Reviews
791,MNIT Jaipur - Malaviya National Institute of Technology Jaipur,AAAA+,Public/Government,4.2/5,279 Reviews
792,"UPES Dehradun - UPES, Dehradun",--,Private,4.1/5,107 Reviews
793,VNIT Nagpur - Visvesvaraya National Institute of Technology Nagpur,AAAAA,Public/Government,4.2/5,129 Reviews
794,"SIMATS Chennai - Saveetha Institute of Medical and Technical Sciences, Chennai",AAAAA,Private,3.4/5,10 Reviews
795,"SIU Pune - Symbiosis International University, Pune",--,Private,3.9/5,49 Reviews
796,"SSN College of Engineering - Sri Sivasubramaniya Nadar College of Engineering, Kalavakkam",AAAAA,Private,4.6/5,67 Reviews
797,"LPU Jalandhar - Lovely Professional University, Phagwara",AAAA+,Private,4.4/5,1209 Reviews
798,NIT Durgapur - National Institute of Technology Durgapur,AAAAA,Public/Government,4.1/5,173 Reviews
799,NIT Silchar - National Institute of Technology Silchar,AAAA+,Public/Government,4.4/5,167 Reviews
800,IIT Madras (IITM) - Indian Institute of Technology Madras,AAAAA,Public/Government,4.7/5,127 Reviews
801,IIT Delhi - Indian Institute of Technology Delhi,AAAAA,Public/Government,4.6/5,324 Reviews
802,IIT Bombay - Indian Institute of Technology Bombay,AAAAA,Public/Government,4.6/5,165 Reviews
803,IIT Kanpur - Indian Institute of Technology Kanpur,AAAAA,Public/Government,4.4/5,165 Reviews
804,IIT Kharagpur - Indian Institute of Technology Kharagpur,AAAAA,Public/Government,4.7/5,330 Reviews
805,IIT Roorkee - Indian Institute of Technology Roorkee,AAAAA,Public/Government,4.4/5,417 Reviews
806,IIT Hyderabad - Indian Institute of Technology Hyderabad,AAAAA,Public/Government,4.6/5,32 Reviews
807,IIT Guwahati (IITG) - Indian Institute of Technology Guwahati,AAAAA,Public/Government,4.3/5,191 Reviews
808,NIT Trichy - National Institute of Technology Tiruchirappalli,AAAAA,Public/Government,4.4/5,306 Reviews
809,IIT BHU - Indian Institute of Technology Banaras Hindu University Varanasi,AAAAA,Public/Government,4.6/5,165 Reviews
810,"BITS Pilani - Birla Institute of Technology and Science, Pilani",AAAAA,Private,4.5/5,270 Reviews
811,IIT Indore - Indian Institute of Technology Indore,AAAAA,Public/Government,4.6/5,40 Reviews
812,NIT Rourkela - National Institute of Technology Rourkela,AAAAA,Public/Government,4.6/5,342 Reviews
813,"SRM University Chennai - SRM Institute of Science and Technology, Chennai",AAAAA,Private,4.3/5,755 Reviews
814,IIT ISM Dhanbad - Indian Institute of Technology Indian School of Mines Dhanbad,AAAAA,Public/Government,4.3/5,204 Reviews
815,"VIT Vellore - Vellore Institute of Technology, Vellore",AAAAA,Private,4.4/5,827 Reviews
816,NIT Surathkal (NITK) - National Institute of Technology Karnataka Surathkal,AAAAA,Public/Government,4.3/5,101 Reviews
817,"Jadavpur University, Kolkata",AAAAA,Public/Government,4.5/5,236 Reviews
818,IIT Patna - Indian Institute of Technology Patna,AAAAA,Public/Government,4.7/5,58 Reviews
819,"Anna University, Chennai",AAAA+,Public/Government,4.8/5,43 Reviews
820,NIT Calicut - National Institute of Technology Calicut,AAAAA,Public/Government,4.3/5,161 Reviews
821,"SOA University - Siksha 'O' Anusandhan, Bhubaneswar",AAAA+,Private,4.1/5,157 Reviews
822,"Amrita Vishwa Vidyapeetham, Coimbatore",AAAAA,Private,4.3/5,121 Reviews
823,"JMI New Delhi - Jamia Millia Islamia, New Delhi",AAAAA,Public/Government,4.5/5,414 Reviews
824,IIT Gandhinagar (IIT GN) - Indian Institute of Technology Gandhinagar,AAAAA,Public/Government,4.4/5,22 Reviews
825,IIT Mandi - Indian Institute of Technology Mandi,AAAAA,Public/Government,4.4/5,28 Reviews
826,IIT Jodhpur - Indian Institute of Technology Jodhpur,AAAAA,Public/Government,4.4/5,68 Reviews
827,NIT Warangal - National Institute of Technology Warangal,AAAAA,Public/Government,4.5/5,149 Reviews
828,"TIET Patiala - Thapar Institute of Engineering and Technology, Patiala",AAAAA,Private,4.3/5,339 Reviews
829,"DTU Delhi - Delhi Technological University, Delhi",AAAAA,Public/Government,4.5/5,465 Reviews
830,"Chandigarh University - Chandigarh University, Chandigarh",--,Private,4.3/5,829 Reviews
831,IIT Ropar (IIT-RPR) - Indian Institute of Technology Ropar,AAAAA,Public/Government,4.5/5,126 Reviews
832,"Kalasalingam Academy of Research and Education, Virudhunagar",AAAA+,Private,4.0/5,37 Reviews
833,"AMU Aligarh - Aligarh Muslim University, Aligarh",--,Public/Government,4.7/5,425 Reviews
834,"KL University Guntur - Koneru Lakshmaiah Education Foundation, Guntur",--,Private,4.4/5,170 Reviews
835,"KIIT - Kalinga Institute of Industrial Technology, Bhubaneswar",AAAA+,Private,4.3/5,581 Reviews
836,"Amity University, Noida",--,Private,4.1/5,418 Reviews
837,"IIIT Hyderabad - International Institute of Information Technology, Hyderabad",AAAAA,Private,4.5/5,35 Reviews
838,IIT Bhubaneswar - Indian Institute of Technology Bhubaneswar,AAAAA,Public/Government,4.3/5,33 Reviews
839,"SASTRA University Thanjavur - Shanmugha Arts Science Technology Research and Academy, Thanjavur",AAAAA,Private,4.2/5,185 Reviews
840,"ICT Mumbai - Institute of Chemical Technology, Mumbai",AAAAA,Public/Government,4.5/5,26 Reviews
841,MNIT Jaipur - Malaviya National Institute of Technology Jaipur,AAAA+,Public/Government,4.2/5,279 Reviews
842,"UPES Dehradun - UPES, Dehradun",--,Private,4.1/5,107 Reviews
843,VNIT Nagpur - Visvesvaraya National Institute of Technology Nagpur,AAAAA,Public/Government,4.2/5,129 Reviews
844,"SIMATS Chennai - Saveetha Institute of Medical and Technical Sciences, Chennai",AAAAA,Private,3.4/5,10 Reviews
845,"SIU Pune - Symbiosis International University, Pune",--,Private,3.9/5,49 Reviews
846,"SSN College of Engineering - Sri Sivasubramaniya Nadar College of Engineering, Kalavakkam",AAAAA,Private,4.6/5,67 Reviews
847,"LPU Jalandhar - Lovely Professional University, Phagwara",AAAA+,Private,4.4/5,1209 Reviews
848,NIT Durgapur - National Institute of Technology Durgapur,AAAAA,Public/Government,4.1/5,173 Reviews
849,NIT Silchar - National Institute of Technology Silchar,AAAA+,Public/Government,4.4/5,167 Reviews
850,IIT Madras (IITM) - Indian Institute of Technology Madras,AAAAA,Public/Government,4.7/5,127 Reviews
851,IIT Delhi - Indian Institute of Technology Delhi,AAAAA,Public/Government,4.6/5,324 Reviews
852,IIT Bombay - Indian Institute of Technology Bombay,AAAAA,Public/Government,4.6/5,165 Reviews
853,IIT Kanpur - Indian Institute of Technology Kanpur,AAAAA,Public/Government,4.4/5,165 Reviews
854,IIT Kharagpur - Indian Institute of Technology Kharagpur,AAAAA,Public/Government,4.7/5,330 Reviews
855,IIT Roorkee - Indian Institute of Technology Roorkee,AAAAA,Public/Government,4.4/5,417 Reviews
856,IIT Hyderabad - Indian Institute of Technology Hyderabad,AAAAA,Public/Government,4.6/5,32 Reviews
857,IIT Guwahati (IITG) - Indian Institute of Technology Guwahati,AAAAA,Public/Government,4.3/5,191 Reviews
858,NIT Trichy - National Institute of Technology Tiruchirappalli,AAAAA,Public/Government,4.4/5,306 Reviews
859,IIT BHU - Indian Institute of Technology Banaras Hindu University Varanasi,AAAAA,Public/Government,4.6/5,165 Reviews
860,"BITS Pilani - Birla Institute of Technology and Science, Pilani",AAAAA,Private,4.5/5,270 Reviews
861,IIT Indore - Indian Institute of Technology Indore,AAAAA,Public/Government,4.6/5,40 Reviews
862,NIT Rourkela - National Institute of Technology Rourkela,AAAAA,Public/Government,4.6/5,342 Reviews
863,"SRM University Chennai - SRM Institute of Science and Technology, Chennai",AAAAA,Private,4.3/5,755 Reviews
864,IIT ISM Dhanbad - Indian Institute of Technology Indian School of Mines Dhanbad,AAAAA,Public/Government,4.3/5,204 Reviews
865,"VIT Vellore - Vellore Institute of Technology, Vellore",AAAAA,Private,4.4/5,827 Reviews
866,NIT Surathkal (NITK) - National Institute of Technology Karnataka Surathkal,AAAAA,Public/Government,4.3/5,101 Reviews
867,"Jadavpur University, Kolkata",AAAAA,Public/Government,4.5/5,236 Reviews
868,IIT Patna - Indian Institute of Technology Patna,AAAAA,Public/Government,4.7/5,58 Reviews
869,"Anna University, Chennai",AAAA+,Public/Government,4.8/5,43 Reviews
870,NIT Calicut - National Institute of Technology Calicut,AAAAA,Public/Government,4.3/5,161 Reviews
871,"SOA University - Siksha 'O' Anusandhan, Bhubaneswar",AAAA+,Private,4.1/5,157 Reviews
872,"Amrita Vishwa Vidyapeetham, Coimbatore",AAAAA,Private,4.3/5,121 Reviews
873,"JMI New Delhi - Jamia Millia Islamia, New Delhi",AAAAA,Public/Government,4.5/5,414 Reviews
874,IIT Gandhinagar (IIT GN) - Indian Institute of Technology Gandhinagar,AAAAA,Public/Government,4.4/5,22 Reviews
875,IIT Mandi - Indian Institute of Technology Mandi,AAAAA,Public/Government,4.4/5,28 Reviews
876,IIT Jodhpur - Indian Institute of Technology Jodhpur,AAAAA,Public/Government,4.4/5,68 Reviews
877,NIT Warangal - National Institute of Technology Warangal,AAAAA,Public/Government,4.5/5,149 Reviews
878,"TIET Patiala - Thapar Institute of Engineering and Technology, Patiala",AAAAA,Private,4.3/5,339 Reviews
879,"DTU Delhi - Delhi Technological University, Delhi",AAAAA,Public/Government,4.5/5,465 Reviews
880,"Chandigarh University - Chandigarh University, Chandigarh",--,Private,4.3/5,829 Reviews
881,IIT Ropar (IIT-RPR) - Indian Institute of Technology Ropar,AAAAA,Public/Government,4.5/5,126 Reviews
882,"Kalasalingam Academy of Research and Education, Virudhunagar",AAAA+,Private,4.0/5,37 Reviews
883,"AMU Aligarh - Aligarh Muslim University, Aligarh",--,Public/Government,4.7/5,425 Reviews
884,"KL University Guntur - Koneru Lakshmaiah Education Foundation, Guntur",--,Private,4.4/5,170 Reviews
885,"KIIT - Kalinga Institute of Industrial Technology, Bhubaneswar",AAAA+,Private,4.3/5,581 Reviews
886,"Amity University, Noida",--,Private,4.1/5,418 Reviews
887,"IIIT Hyderabad - International Institute of Information Technology, Hyderabad",AAAAA,Private,4.5/5,35 Reviews
888,IIT Bhubaneswar - Indian Institute of Technology Bhubaneswar,AAAAA,Public/Government,4.3/5,33 Reviews
889,"SASTRA University Thanjavur - Shanmugha Arts Science Technology Research and Academy, Thanjavur",AAAAA,Private,4.2/5,185 Reviews
890,"ICT Mumbai - Institute of Chemical Technology, Mumbai",AAAAA,Public/Government,4.5/5,26 Reviews
891,MNIT Jaipur - Malaviya National Institute of Technology Jaipur,AAAA+,Public/Government,4.2/5,279 Reviews
892,"UPES Dehradun - UPES, Dehradun",--,Private,4.1/5,107 Reviews
893,VNIT Nagpur - Visvesvaraya National Institute of Technology Nagpur,AAAAA,Public/Government,4.2/5,129 Reviews
894,"SIMATS Chennai - Saveetha Institute of Medical and Technical Sciences, Chennai",AAAAA,Private,3.4/5,10 Reviews
895,"SIU Pune - Symbiosis International University, Pune",--,Private,3.9/5,49 Reviews
896,"SSN College of Engineering - Sri Sivasubramaniya Nadar College of Engineering, Kalavakkam",AAAAA,Private,4.6/5,67 Reviews
897,"LPU Jalandhar - Lovely Professional University, Phagwara",AAAA+,Private,4.4/5,1209 Reviews
898,NIT Durgapur - National Institute of Technology Durgapur,AAAAA,Public/Government,4.1/5,173 Reviews
899,NIT Silchar - National Institute of Technology Silchar,AAAA+,Public/Government,4.4/5,167 Reviews
900,IIT Madras (IITM) - Indian Institute of Technology Madras,AAAAA,Public/Government,4.7/5,127 Reviews
901,IIT Delhi - Indian Institute of Technology Delhi,AAAAA,Public/Government,4.6/5,324 Reviews
902,IIT Bombay - Indian Institute of Technology Bombay,AAAAA,Public/Government,4.6/5,165 Reviews
903,IIT Kanpur - Indian Institute of Technology Kanpur,AAAAA,Public/Government,4.4/5,165 Reviews
904,IIT Kharagpur - Indian Institute of Technology Kharagpur,AAAAA,Public/Government,4.7/5,330 Reviews
905,IIT Roorkee - Indian Institute of Technology Roorkee,AAAAA,Public/Government,4.4/5,417 Reviews
906,IIT Hyderabad - Indian Institute of Technology Hyderabad,AAAAA,Public/Government,4.6/5,32 Reviews
907,IIT Guwahati (IITG) - Indian Institute of Technology Guwahati,AAAAA,Public/Government,4.3/5,191 Reviews
908,NIT Trichy - National Institute of Technology Tiruchirappalli,AAAAA,Public/Government,4.4/5,306 Reviews
909,IIT BHU - Indian Institute of Technology Banaras Hindu University Varanasi,AAAAA,Public/Government,4.6/5,165 Reviews
910,"BITS Pilani - Birla Institute of Technology and Science, Pilani",AAAAA,Private,4.5/5,270 Reviews
911,IIT Indore - Indian Institute of Technology Indore,AAAAA,Public/Government,4.6/5,40 Reviews
912,NIT Rourkela - National Institute of Technology Rourkela,AAAAA,Public/Government,4.6/5,342 Reviews
913,"SRM University Chennai - SRM Institute of Science and Technology, Chennai",AAAAA,Private,4.3/5,755 Reviews
914,IIT ISM Dhanbad - Indian Institute of Technology Indian School of Mines Dhanbad,AAAAA,Public/Government,4.3/5,204 Reviews
915,"VIT Vellore - Vellore Institute of Technology, Vellore",AAAAA,Private,4.4/5,827 Reviews
916,NIT Surathkal (NITK) - National Institute of Technology Karnataka Surathkal,AAAAA,Public/Government,4.3/5,101 Reviews
917,"Jadavpur University, Kolkata",AAAAA,Public/Government,4.5/5,236 Reviews
918,IIT Patna - Indian Institute of Technology Patna,AAAAA,Public/Government,4.7/5,58 Reviews
919,"Anna University, Chennai",AAAA+,Public/Government,4.8/5,43 Reviews
920,NIT Calicut - National Institute of Technology Calicut,AAAAA,Public/Government,4.3/5,161 Reviews
921,"SOA University - Siksha 'O' Anusandhan, Bhubaneswar",AAAA+,Private,4.1/5,157 Reviews
922,"Amrita Vishwa Vidyapeetham, Coimbatore",AAAAA,Private,4.3/5,121 Reviews
923,"JMI New Delhi - Jamia Millia Islamia, New Delhi",AAAAA,Public/Government,4.5/5,414 Reviews
924,IIT Gandhinagar (IIT GN) - Indian Institute of Technology Gandhinagar,AAAAA,Public/Government,4.4/5,22 Reviews
925,IIT Mandi - Indian Institute of Technology Mandi,AAAAA,Public/Government,4.4/5,28 Reviews
926,IIT Jodhpur - Indian Institute of Technology Jodhpur,AAAAA,Public/Government,4.4/5,68 Reviews
927,NIT Warangal - National Institute of Technology Warangal,AAAAA,Public/Government,4.5/5,149 Reviews
928,"TIET Patiala - Thapar Institute of Engineering and Technology, Patiala",AAAAA,Private,4.3/5,339 Reviews
929,"DTU Delhi - Delhi Technological University, Delhi",AAAAA,Public/Government,4.5/5,465 Reviews
930,"Chandigarh University - Chandigarh University, Chandigarh",--,Private,4.3/5,829 Reviews
931,IIT Ropar (IIT-RPR) - Indian Institute of Technology Ropar,AAAAA,Public/Government,4.5/5,126 Reviews
932,"Kalasalingam Academy of Research and Education, Virudhunagar",AAAA+,Private,4.0/5,37 Reviews
933,"AMU Aligarh - Aligarh Muslim University, Aligarh",--,Public/Government,4.7/5,425 Reviews
934,"KL University Guntur - Koneru Lakshmaiah Education Foundation, Guntur",--,Private,4.4/5,170 Reviews
935,"KIIT - Kalinga Institute of Industrial Technology, Bhubaneswar",AAAA+,Private,4.3/5,581 Reviews
936,"Amity University, Noida",--,Private,4.1/5,418 Reviews
937,"IIIT Hyderabad - International Institute of Information Technology, Hyderabad",AAAAA,Private,4.5/5,35 Reviews
938,IIT Bhubaneswar - Indian Institute of Technology Bhubaneswar,AAAAA,Public/Government,4.3/5,33 Reviews
939,"SASTRA University Thanjavur - Shanmugha Arts Science Technology Research and Academy, Thanjavur",AAAAA,Private,4.2/5,185 Reviews
940,"ICT Mumbai - Institute of Chemical Technology, Mumbai",AAAAA,Public/Government,4.5/5,26 Reviews
941,MNIT Jaipur - Malaviya National Institute of Technology Jaipur,AAAA+,Public/Government,4.2/5,279 Reviews
942,"UPES Dehradun - UPES, Dehradun",--,Private,4.1/5,107 Reviews
943,VNIT Nagpur - Visvesvaraya National Institute of Technology Nagpur,AAAAA,Public/Government,4.2/5,129 Reviews
944,"SIMATS Chennai - Saveetha Institute of Medical and Technical Sciences, Chennai",AAAAA,Private,3.4/5,10 Reviews
945,"SIU Pune - Symbiosis International University, Pune",--,Private,3.9/5,49 Reviews
946,"SSN College of Engineering - Sri Sivasubramaniya Nadar College of Engineering, Kalavakkam",AAAAA,Private,4.6/5,67 Reviews
947,"LPU Jalandhar - Lovely Professional University, Phagwara",AAAA+,Private,4.4/5,1209 Reviews
948,NIT Durgapur - National Institute of Technology Durgapur,AAAAA,Public/Government,4.1/5,173 Reviews
949,NIT Silchar - National Institute of Technology Silchar,AAAA+,Public/Government,4.4/5,167 Reviews
950,IIT Madras (IITM) - Indian Institute of Technology Madras,AAAAA,Public/Government,4.7/5,127 Reviews
951,IIT Delhi - Indian Institute of Technology Delhi,AAAAA,Public/Government,4.6/5,324 Reviews
952,IIT Bombay - Indian Institute of Technology Bombay,AAAAA,Public/Government,4.6/5,165 Reviews
953,IIT Kanpur - Indian Institute of Technology Kanpur,AAAAA,Public/Government,4.4/5,165 Reviews
954,IIT Kharagpur - Indian Institute of Technology Kharagpur,AAAAA,Public/Government,4.7/5,330 Reviews
955,IIT Roorkee - Indian Institute of Technology Roorkee,AAAAA,Public/Government,4.4/5,417 Reviews
956,IIT Hyderabad - Indian Institute of Technology Hyderabad,AAAAA,Public/Government,4.6/5,32 Reviews
957,IIT Guwahati (IITG) - Indian Institute of Technology Guwahati,AAAAA,Public/Government,4.3/5,191 Reviews
958,NIT Trichy - National Institute of Technology Tiruchirappalli,AAAAA,Public/Government,4.4/5,306 Reviews
959,IIT BHU - Indian Institute of Technology Banaras Hindu University Varanasi,AAAAA,Public/Government,4.6/5,165 Reviews
960,"BITS Pilani - Birla Institute of Technology and Science, Pilani",AAAAA,Private,4.5/5,270 Reviews
961,IIT Indore - Indian Institute of Technology Indore,AAAAA,Public/Government,4.6/5,40 Reviews
962,NIT Rourkela - National Institute of Technology Rourkela,AAAAA,Public/Government,4.6/5,342 Reviews
963,"SRM University Chennai - SRM Institute of Science and Technology, Chennai",AAAAA,Private,4.3/5,755 Reviews
964,IIT ISM Dhanbad - Indian Institute of Technology Indian School of Mines Dhanbad,AAAAA,Public/Government,4.3/5,204 Reviews
965,"VIT Vellore - Vellore Institute of Technology, Vellore",AAAAA,Private,4.4/5,827 Reviews
966,NIT Surathkal (NITK) - National Institute of Technology Karnataka Surathkal,AAAAA,Public/Government,4.3/5,101 Reviews
967,"Jadavpur University, Kolkata",AAAAA,Public/Government,4.5/5,236 Reviews
968,IIT Patna - Indian Institute of Technology Patna,AAAAA,Public/Government,4.7/5,58 Reviews
969,"Anna University, Chennai",AAAA+,Public/Government,4.8/5,43 Reviews
970,NIT Calicut - National Institute of Technology Calicut,AAAAA,Public/Government,4.3/5,161 Reviews
971,"SOA University - Siksha 'O' Anusandhan, Bhubaneswar",AAAA+,Private,4.1/5,157 Reviews
972,"Amrita Vishwa Vidyapeetham, Coimbatore",AAAAA,Private,4.3/5,121 Reviews
973,"JMI New Delhi - Jamia Millia Islamia, New Delhi",AAAAA,Public/Government,4.5/5,414 Reviews
974,IIT Gandhinagar (IIT GN) - Indian Institute of Technology Gandhinagar,AAAAA,Public/Government,4.4/5,22 Reviews
975,IIT Mandi - Indian Institute of Technology Mandi,AAAAA,Public/Government,4.4/5,28 Reviews
976,IIT Jodhpur - Indian Institute of Technology Jodhpur,AAAAA,Public/Government,4.4/5,68 Reviews
977,NIT Warangal - National Institute of Technology Warangal,AAAAA,Public/Government,4.5/5,149 Reviews
978,"TIET Patiala - Thapar Institute of Engineering and Technology, Patiala",AAAAA,Private,4.3/5,339 Reviews
979,"DTU Delhi - Delhi Technological University, Delhi",AAAAA,Public/Government,4.5/5,465 Reviews
980,"Chandigarh University - Chandigarh University, Chandigarh",--,Private,4.3/5,829 Reviews
981,IIT Ropar (IIT-RPR) - Indian Institute of Technology Ropar,AAAAA,Public/Government,4.5/5,126 Reviews
982,"Kalasalingam Academy of Research and Education, Virudhunagar",AAAA+,Private,4.0/5,37 Reviews
983,"AMU Aligarh - Aligarh Muslim University, Aligarh",--,Public/Government,4.7/5,425 Reviews
984,"KL University Guntur - Koneru Lakshmaiah Education Foundation, Guntur",--,Private,4.4/5,170 Reviews
985,"KIIT - Kalinga Institute of Industrial Technology, Bhubaneswar",AAAA+,Private,4.3/5,581 Reviews
986,"Amity University, Noida",--,Private,4.1/5,418 Reviews
987,"IIIT Hyderabad - International Institute of Information Technology, Hyderabad",AAAAA,Private,4.5/5,35 Reviews
988,IIT Bhubaneswar - Indian Institute of Technology Bhubaneswar,AAAAA,Public/Government,4.3/5,33 Reviews
989,"SASTRA University Thanjavur - Shanmugha Arts Science Technology Research and Academy, Thanjavur",AAAAA,Private,4.2/5,185 Reviews
990,"ICT Mumbai - Institute of Chemical Technology, Mumbai",AAAAA,Public/Government,4.5/5,26 Reviews
991,MNIT Jaipur - Malaviya National Institute of Technology Jaipur,AAAA+,Public/Government,4.2/5,279 Reviews
992,"UPES Dehradun - UPES, Dehradun",--,Private,4.1/5,107 Reviews
993,VNIT Nagpur - Visvesvaraya National Institute of Technology Nagpur,AAAAA,Public/Government,4.2/5,129 Reviews
994,"SIMATS Chennai - Saveetha Institute of Medical and Technical Sciences, Chennai",AAAAA,Private,3.4/5,10 Reviews
995,"SIU Pune - Symbiosis International University, Pune",--,Private,3.9/5,49 Reviews
996,"SSN College of Engineering - Sri Sivasubramaniya Nadar College of Engineering, Kalavakkam",AAAAA,Private,4.6/5,67 Reviews
997,"LPU Jalandhar - Lovely Professional University, Phagwara",AAAA+,Private,4.4/5,1209 Reviews
998,NIT Durgapur - National Institute of Technology Durgapur,AAAAA,Public/Government,4.1/5,173 Reviews
999,NIT Silchar - National Institute of Technology Silchar,AAAA+,Public/Government,4.4/5,167 Reviews
1000,IIT Madras (IITM) - Indian Institute of Technology Madras,AAAAA,Public/Government,4.7/5,127 Reviews
1001,IIT Delhi - Indian Institute of Technology Delhi,AAAAA,Public/Government,4.6/5,324 Reviews
1002,IIT Bombay - Indian Institute of Technology Bombay,AAAAA,Public/Government,4.6/5,165 Reviews
1003,IIT Kanpur - Indian Institute of Technology Kanpur,AAAAA,Public/Government,4.4/5,165 Reviews
1004,IIT Kharagpur - Indian Institute of Technology Kharagpur,AAAAA,Public/Government,4.7/5,330 Reviews
1005,IIT Roorkee - Indian Institute of Technology Roorkee,AAAAA,Public/Government,4.4/5,417 Reviews
1006,IIT Hyderabad - Indian Institute of Technology Hyderabad,AAAAA,Public/Government,4.6/5,32 Reviews
1007,IIT Guwahati (IITG) - Indian Institute of Technology Guwahati,AAAAA,Public/Government,4.3/5,191 Reviews
1008,NIT Trichy - National Institute of Technology Tiruchirappalli,AAAAA,Public/Government,4.4/5,306 Reviews
1009,IIT BHU - Indian Institute of Technology Banaras Hindu University Varanasi,AAAAA,Public/Government,4.6/5,165 Reviews
1010,"BITS Pilani - Birla Institute of Technology and Science, Pilani",AAAAA,Private,4.5/5,270 Reviews
1011,IIT Indore - Indian Institute of Technology Indore,AAAAA,Public/Government,4.6/5,40 Reviews
1012,NIT Rourkela - National Institute of Technology Rourkela,AAAAA,Public/Government,4.6/5,342 Reviews
1013,"SRM University Chennai - SRM Institute of Science and Technology, Chennai",AAAAA,Private,4.3/5,755 Reviews
1014,IIT ISM Dhanbad - Indian Institute of Technology Indian School of Mines Dhanbad,AAAAA,Public/Government,4.3/5,204 Reviews
1015,"VIT Vellore - Vellore Institute of Technology, Vellore",AAAAA,Private,4.4/5,827 Reviews
1016,NIT Surathkal (NITK) - National Institute of Technology Karnataka Surathkal,AAAAA,Public/Government,4.3/5,101 Reviews
1017,"Jadavpur University, Kolkata",AAAAA,Public/Government,4.5/5,236 Reviews
1018,IIT Patna - Indian Institute of Technology Patna,AAAAA,Public/Government,4.7/5,58 Reviews
1019,"Anna University, Chennai",AAAA+,Public/Government,4.8/5,43 Reviews
1020,NIT Calicut - National Institute of Technology Calicut,AAAAA,Public/Government,4.3/5,161 Reviews
1021,"SOA University - Siksha 'O' Anusandhan, Bhubaneswar",AAAA+,Private,4.1/5,157 Reviews
1022,"Amrita Vishwa Vidyapeetham, Coimbatore",AAAAA,Private,4.3/5,121 Reviews
1023,"JMI New Delhi - Jamia Millia Islamia, New Delhi",AAAAA,Public/Government,4.5/5,414 Reviews
1024,IIT Gandhinagar (IIT GN) - Indian Institute of Technology Gandhinagar,AAAAA,Public/Government,4.4/5,22 Reviews
1025,IIT Mandi - Indian Institute of Technology Mandi,AAAAA,Public/Government,4.4/5,28 Reviews
1026,IIT Jodhpur - Indian Institute of Technology Jodhpur,AAAAA,Public/Government,4.4/5,68 Reviews
1027,NIT Warangal - National Institute of Technology Warangal,AAAAA,Public/Government,4.5/5,149 Reviews
1028,"TIET Patiala - Thapar Institute of Engineering and Technology, Patiala",AAAAA,Private,4.3/5,339 Reviews
1029,"DTU Delhi - Delhi Technological University, Delhi",AAAAA,Public/Government,4.5/5,465 Reviews
1030,"Chandigarh University - Chandigarh University, Chandigarh",--,Private,4.3/5,829 Reviews
1031,IIT Ropar (IIT-RPR) - Indian Institute of Technology Ropar,AAAAA,Public/Government,4.5/5,126 Reviews
1032,"Kalasalingam Academy of Research and Education, Virudhunagar",AAAA+,Private,4.0/5,37 Reviews
1033,"AMU Aligarh - Aligarh Muslim University, Aligarh",--,Public/Government,4.7/5,425 Reviews
1034,"KL University Guntur - Koneru Lakshmaiah Education Foundation, Guntur",--,Private,4.4/5,170 Reviews
1035,"KIIT - Kalinga Institute of Industrial Technology, Bhubaneswar",AAAA+,Private,4.3/5,581 Reviews
1036,"Amity University, Noida",--,Private,4.1/5,418 Reviews
1037,"IIIT Hyderabad - International Institute of Information Technology, Hyderabad",AAAAA,Private,4.5/5,35 Reviews
1038,IIT Bhubaneswar - Indian Institute of Technology Bhubaneswar,AAAAA,Public/Government,4.3/5,33 Reviews
1039,"SASTRA University Thanjavur - Shanmugha Arts Science Technology Research and Academy, Thanjavur",AAAAA,Private,4.2/5,185 Reviews
1040,"ICT Mumbai - Institute of Chemical Technology, Mumbai",AAAAA,Public/Government,4.5/5,26 Reviews
1041,MNIT Jaipur - Malaviya National Institute of Technology Jaipur,AAAA+,Public/Government,4.2/5,279 Reviews
1042,"UPES Dehradun - UPES, Dehradun",--,Private,4.1/5,107 Reviews
1043,VNIT Nagpur - Visvesvaraya National Institute of Technology Nagpur,AAAAA,Public/Government,4.2/5,129 Reviews
1044,"SIMATS Chennai - Saveetha Institute of Medical and Technical Sciences, Chennai",AAAAA,Private,3.4/5,10 Reviews
1045,"SIU Pune - Symbiosis International University, Pune",--,Private,3.9/5,49 Reviews
1046,"SSN College of Engineering - Sri Sivasubramaniya Nadar College of Engineering, Kalavakkam",AAAAA,Private,4.6/5,67 Reviews
1047,"LPU Jalandhar - Lovely Professional University, Phagwara",AAAA+,Private,4.4/5,1209 Reviews
1048,NIT Durgapur - National Institute of Technology Durgapur,AAAAA,Public/Government,4.1/5,173 Reviews
1049,NIT Silchar - National Institute of Technology Silchar,AAAA+,Public/Government,4.4/5,167 Reviews
1050,IIT Madras (IITM) - Indian Institute of Technology Madras,AAAAA,Public/Government,4.7/5,127 Reviews
1051,IIT Delhi - Indian Institute of Technology Delhi,AAAAA,Public/Government,4.6/5,324 Reviews
1052,IIT Bombay - Indian Institute of Technology Bombay,AAAAA,Public/Government,4.6/5,165 Reviews
1053,IIT Kanpur - Indian Institute of Technology Kanpur,AAAAA,Public/Government,4.4/5,165 Reviews
1054,IIT Kharagpur - Indian Institute of Technology Kharagpur,AAAAA,Public/Government,4.7/5,330 Reviews
1055,IIT Roorkee - Indian Institute of Technology Roorkee,AAAAA,Public/Government,4.4/5,417 Reviews
1056,IIT Hyderabad - Indian Institute of Technology Hyderabad,AAAAA,Public/Government,4.6/5,32 Reviews
1057,IIT Guwahati (IITG) - Indian Institute of Technology Guwahati,AAAAA,Public/Government,4.3/5,191 Reviews
1058,NIT Trichy - National Institute of Technology Tiruchirappalli,AAAAA,Public/Government,4.4/5,306 Reviews
1059,IIT BHU - Indian Institute of Technology Banaras Hindu University Varanasi,AAAAA,Public/Government,4.6/5,165 Reviews
1060,"BITS Pilani - Birla Institute of Technology and Science, Pilani",AAAAA,Private,4.5/5,270 Reviews
1061,IIT Indore - Indian Institute of Technology Indore,AAAAA,Public/Government,4.6/5,40 Reviews
1062,NIT Rourkela - National Institute of Technology Rourkela,AAAAA,Public/Government,4.6/5,342 Reviews
1063,"SRM University Chennai - SRM Institute of Science and Technology, Chennai",AAAAA,Private,4.3/5,755 Reviews
1064,IIT ISM Dhanbad - Indian Institute of Technology Indian School of Mines Dhanbad,AAAAA,Public/Government,4.3/5,204 Reviews
1065,"VIT Vellore - Vellore Institute of Technology, Vellore",AAAAA,Private,4.4/5,827 Reviews
1066,NIT Surathkal (NITK) - National Institute of Technology Karnataka Surathkal,AAAAA,Public/Government,4.3/5,101 Reviews
1067,"Jadavpur University, Kolkata",AAAAA,Public/Government,4.5/5,236 Reviews
1068,IIT Patna - Indian Institute of Technology Patna,AAAAA,Public/Government,4.7/5,58 Reviews
1069,"Anna University, Chennai",AAAA+,Public/Government,4.8/5,43 Reviews
1070,NIT Calicut - National Institute of Technology Calicut,AAAAA,Public/Government,4.3/5,161 Reviews
1071,"SOA University - Siksha 'O' Anusandhan, Bhubaneswar",AAAA+,Private,4.1/5,157 Reviews
1072,"Amrita Vishwa Vidyapeetham, Coimbatore",AAAAA,Private,4.3/5,121 Reviews
1073,"JMI New Delhi - Jamia Millia Islamia, New Delhi",AAAAA,Public/Government,4.5/5,414 Reviews
1074,IIT Gandhinagar (IIT GN) - Indian Institute of Technology Gandhinagar,AAAAA,Public/Government,4.4/5,22 Reviews
1075,IIT Mandi - Indian Institute of Technology Mandi,AAAAA,Public/Government,4.4/5,28 Reviews
1076,IIT Jodhpur - Indian Institute of Technology Jodhpur,AAAAA,Public/Government,4.4/5,68 Reviews
1077,NIT Warangal - National Institute of Technology Warangal,AAAAA,Public/Government,4.5/5,149 Reviews
1078,"TIET Patiala - Thapar Institute of Engineering and Technology, Patiala",AAAAA,Private,4.3/5,339 Reviews
1079,"DTU Delhi - Delhi Technological University, Delhi",AAAAA,Public/Government,4.5/5,465 Reviews
1080,"Chandigarh University - Chandigarh University, Chandigarh",--,Private,4.3/5,829 Reviews
1081,IIT Ropar (IIT-RPR) - Indian Institute of Technology Ropar,AAAAA,Public/Government,4.5/5,126 Reviews
1082,"Kalasalingam Academy of Research and Education, Virudhunagar",AAAA+,Private,4.0/5,37 Reviews
1083,"AMU Aligarh - Aligarh Muslim University, Aligarh",--,Public/Government,4.7/5,425 Reviews
1084,"KL University Guntur - Koneru Lakshmaiah Education Foundation, Guntur",--,Private,4.4/5,170 Reviews
1085,"KIIT - Kalinga Institute of Industrial Technology, Bhubaneswar",AAAA+,Private,4.3/5,581 Reviews
1086,"Amity University, Noida",--,Private,4.1/5,418 Reviews
1087,"IIIT Hyderabad - International Institute of Information Technology, Hyderabad",AAAAA,Private,4.5/5,35 Reviews
1088,IIT Bhubaneswar - Indian Institute of Technology Bhubaneswar,AAAAA,Public/Government,4.3/5,33 Reviews
1089,"SASTRA University Thanjavur - Shanmugha Arts Science Technology Research and Academy, Thanjavur",AAAAA,Private,4.2/5,185 Reviews
1090,"ICT Mumbai - Institute of Chemical Technology, Mumbai",AAAAA,Public/Government,4.5/5,26 Reviews
1091,MNIT Jaipur - Malaviya National Institute of Technology Jaipur,AAAA+,Public/Government,4.2/5,279 Reviews
1092,"UPES Dehradun - UPES, Dehradun",--,Private,4.1/5,107 Reviews
1093,VNIT Nagpur - Visvesvaraya National Institute of Technology Nagpur,AAAAA,Public/Government,4.2/5,129 Reviews
1094,"SIMATS Chennai - Saveetha Institute of Medical and Technical Sciences, Chennai",AAAAA,Private,3.4/5,10 Reviews
1095,"SIU Pune - Symbiosis International University, Pune",--,Private,3.9/5,49 Reviews
1096,"SSN College of Engineering - Sri Sivasubramaniya Nadar College of Engineering, Kalavakkam",AAAAA,Private,4.6/5,67 Reviews
1097,"LPU Jalandhar - Lovely Professional University, Phagwara",AAAA+,Private,4.4/5,1209 Reviews
1098,NIT Durgapur - National Institute of Technology Durgapur,AAAAA,Public/Government,4.1/5,173 Reviews
1099,NIT Silchar - National Institute of Technology Silchar,AAAA+,Public/Government,4.4/5,167 Reviews
1100,IIT Madras (IITM) - Indian Institute of Technology Madras,AAAAA,Public/Government,4.7/5,127 Reviews
1101,IIT Delhi - Indian Institute of Technology Delhi,AAAAA,Public/Government,4.6/5,324 Reviews
1102,IIT Bombay - Indian Institute of Technology Bombay,AAAAA,Public/Government,4.6/5,165 Reviews
1103,IIT Kanpur - Indian Institute of Technology Kanpur,AAAAA,Public/Government,4.4/5,165 Reviews
1104,IIT Kharagpur - Indian Institute of Technology Kharagpur,AAAAA,Public/Government,4.7/5,330 Reviews
1105,IIT Roorkee - Indian Institute of Technology Roorkee,AAAAA,Public/Government,4.4/5,417 Reviews
1106,IIT Hyderabad - Indian Institute of Technology Hyderabad,AAAAA,Public/Government,4.6/5,32 Reviews
1107,IIT Guwahati (IITG) - Indian Institute of Technology Guwahati,AAAAA,Public/Government,4.3/5,191 Reviews
1108,NIT Trichy - National Institute of Technology Tiruchirappalli,AAAAA,Public/Government,4.4/5,306 Reviews
1109,IIT BHU - Indian Institute of Technology Banaras Hindu University Varanasi,AAAAA,Public/Government,4.6/5,165 Reviews
1110,"BITS Pilani - Birla Institute of Technology and Science, Pilani",AAAAA,Private,4.5/5,270 Reviews
1111,IIT Indore - Indian Institute of Technology Indore,AAAAA,Public/Government,4.6/5,40 Reviews
1112,NIT Rourkela - National Institute of Technology Rourkela,AAAAA,Public/Government,4.6/5,342 Reviews
1113,"SRM University Chennai - SRM Institute of Science and Technology, Chennai",AAAAA,Private,4.3/5,755 Reviews
1114,IIT ISM Dhanbad - Indian Institute of Technology Indian School of Mines Dhanbad,AAAAA,Public/Government,4.3/5,204 Reviews
1115,"VIT Vellore - Vellore Institute of Technology, Vellore",AAAAA,Private,4.4/5,827 Reviews
1116,NIT Surathkal (NITK) - National Institute of Technology Karnataka Surathkal,AAAAA,Public/Government,4.3/5,101 Reviews
1117,"Jadavpur University, Kolkata",AAAAA,Public/Government,4.5/5,236 Reviews
1118,IIT Patna - Indian Institute of Technology Patna,AAAAA,Public/Government,4.7/5,58 Reviews
1119,"Anna University, Chennai",AAAA+,Public/Government,4.8/5,43 Reviews
1120,NIT Calicut - National Institute of Technology Calicut,AAAAA,Public/Government,4.3/5,161 Reviews
1121,"SOA University - Siksha 'O' Anusandhan, Bhubaneswar",AAAA+,Private,4.1/5,157 Reviews
1122,"Amrita Vishwa Vidyapeetham, Coimbatore",AAAAA,Private,4.3/5,121 Reviews
1123,"JMI New Delhi - Jamia Millia Islamia, New Delhi",AAAAA,Public/Government,4.5/5,414 Reviews
1124,IIT Gandhinagar (IIT GN) - Indian Institute of Technology Gandhinagar,AAAAA,Public/Government,4.4/5,22 Reviews
1125,IIT Mandi - Indian Institute of Technology Mandi,AAAAA,Public/Government,4.4/5,28 Reviews
1126,IIT Jodhpur - Indian Institute of Technology Jodhpur,AAAAA,Public/Government,4.4/5,68 Reviews
1127,NIT Warangal - National Institute of Technology Warangal,AAAAA,Public/Government,4.5/5,149 Reviews
1128,"TIET Patiala - Thapar Institute of Engineering and Technology, Patiala",AAAAA,Private,4.3/5,339 Reviews
1129,"DTU Delhi - Delhi Technological University, Delhi",AAAAA,Public/Government,4.5/5,465 Reviews
1130,"Chandigarh University - Chandigarh University, Chandigarh",--,Private,4.3/5,829 Reviews
1131,IIT Ropar (IIT-RPR) - Indian Institute of Technology Ropar,AAAAA,Public/Government,4.5/5,126 Reviews
1132,"Kalasalingam Academy of Research and Education, Virudhunagar",AAAA+,Private,4.0/5,37 Reviews
1133,"AMU Aligarh - Aligarh Muslim University, Aligarh",--,Public/Government,4.7/5,425 Reviews
1134,"KL University Guntur - Koneru Lakshmaiah Education Foundation, Guntur",--,Private,4.4/5,170 Reviews
1135,"KIIT - Kalinga Institute of Industrial Technology, Bhubaneswar",AAAA+,Private,4.3/5,581 Reviews
1136,"Amity University, Noida",--,Private,4.1/5,418 Reviews
1137,"IIIT Hyderabad - International Institute of Information Technology, Hyderabad",AAAAA,Private,4.5/5,35 Reviews
1138,IIT Bhubaneswar - Indian Institute of Technology Bhubaneswar,AAAAA,Public/Government,4.3/5,33 Reviews
1139,"SASTRA University Thanjavur - Shanmugha Arts Science Technology Research and Academy, Thanjavur",AAAAA,Private,4.2/5,185 Reviews
1140,"ICT Mumbai - Institute of Chemical Technology, Mumbai",AAAAA,Public/Government,4.5/5,26 Reviews
1141,MNIT Jaipur - Malaviya National Institute of Technology Jaipur,AAAA+,Public/Government,4.2/5,279 Reviews
1142,"UPES Dehradun - UPES, Dehradun",--,Private,4.1/5,107 Reviews
1143,VNIT Nagpur - Visvesvaraya National Institute of Technology Nagpur,AAAAA,Public/Government,4.2/5,129 Reviews
1144,"SIMATS Chennai - Saveetha Institute of Medical and Technical Sciences, Chennai",AAAAA,Private,3.4/5,10 Reviews
1145,"SIU Pune - Symbiosis International University, Pune",--,Private,3.9/5,49 Reviews
1146,"SSN College of Engineering - Sri Sivasubramaniya Nadar College of Engineering, Kalavakkam",AAAAA,Private,4.6/5,67 Reviews
1147,"LPU Jalandhar - Lovely Professional University, Phagwara",AAAA+,Private,4.4/5,1209 Reviews
1148,NIT Durgapur - National Institute of Technology Durgapur,AAAAA,Public/Government,4.1/5,173 Reviews
1149,NIT Silchar - National Institute of Technology Silchar,AAAA+,Public/Government,4.4/5,167 Reviews
1150,IIT Madras (IITM) - Indian Institute of Technology Madras,AAAAA,Public/Government,4.7/5,127 Reviews
1151,IIT Delhi - Indian Institute of Technology Delhi,AAAAA,Public/Government,4.6/5,324 Reviews
1152,IIT Bombay - Indian Institute of Technology Bombay,AAAAA,Public/Government,4.6/5,165 Reviews
1153,IIT Kanpur - Indian Institute of Technology Kanpur,AAAAA,Public/Government,4.4/5,165 Reviews
1154,IIT Kharagpur - Indian Institute of Technology Kharagpur,AAAAA,Public/Government,4.7/5,330 Reviews
1155,IIT Roorkee - Indian Institute of Technology Roorkee,AAAAA,Public/Government,4.4/5,417 Reviews
1156,IIT Hyderabad - Indian Institute of Technology Hyderabad,AAAAA,Public/Government,4.6/5,32 Reviews
1157,IIT Guwahati (IITG) - Indian Institute of Technology Guwahati,AAAAA,Public/Government,4.3/5,191 Reviews
1158,NIT Trichy - National Institute of Technology Tiruchirappalli,AAAAA,Public/Government,4.4/5,306 Reviews
1159,IIT BHU - Indian Institute of Technology Banaras Hindu University Varanasi,AAAAA,Public/Government,4.6/5,165 Reviews
1160,"BITS Pilani - Birla Institute of Technology and Science, Pilani",AAAAA,Private,4.5/5,270 Reviews
1161,IIT Indore - Indian Institute of Technology Indore,AAAAA,Public/Government,4.6/5,40 Reviews
1162,NIT Rourkela - National Institute of Technology Rourkela,AAAAA,Public/Government,4.6/5,342 Reviews
1163,"SRM University Chennai - SRM Institute of Science and Technology, Chennai",AAAAA,Private,4.3/5,755 Reviews
1164,IIT ISM Dhanbad - Indian Institute of Technology Indian School of Mines Dhanbad,AAAAA,Public/Government,4.3/5,204 Reviews
1165,"VIT Vellore - Vellore Institute of Technology, Vellore",AAAAA,Private,4.4/5,827 Reviews
1166,NIT Surathkal (NITK) - National Institute of Technology Karnataka Surathkal,AAAAA,Public/Government,4.3/5,101 Reviews
1167,"Jadavpur University, Kolkata",AAAAA,Public/Government,4.5/5,236 Reviews
1168,IIT Patna - Indian Institute of Technology Patna,AAAAA,Public/Government,4.7/5,58 Reviews
1169,"Anna University, Chennai",AAAA+,Public/Government,4.8/5,43 Reviews
1170,NIT Calicut - National Institute of Technology Calicut,AAAAA,Public/Government,4.3/5,161 Reviews
1171,"SOA University - Siksha 'O' Anusandhan, Bhubaneswar",AAAA+,Private,4.1/5,157 Reviews
1172,"Amrita Vishwa Vidyapeetham, Coimbatore",AAAAA,Private,4.3/5,121 Reviews
1173,"JMI New Delhi - Jamia Millia Islamia, New Delhi",AAAAA,Public/Government,4.5/5,414 Reviews
1174,IIT Gandhinagar (IIT GN) - Indian Institute of Technology Gandhinagar,AAAAA,Public/Government,4.4/5,22 Reviews
1175,IIT Mandi - Indian Institute of Technology Mandi,AAAAA,Public/Government,4.4/5,28 Reviews
1176,IIT Jodhpur - Indian Institute of Technology Jodhpur,AAAAA,Public/Government,4.4/5,68 Reviews
1177,NIT Warangal - National Institute of Technology Warangal,AAAAA,Public/Government,4.5/5,149 Reviews
1178,"TIET Patiala - Thapar Institute of Engineering and Technology, Patiala",AAAAA,Private,4.3/5,339 Reviews
1179,"DTU Delhi - Delhi Technological University, Delhi",AAAAA,Public/Government,4.5/5,465 Reviews
1180,"Chandigarh University - Chandigarh University, Chandigarh",--,Private,4.3/5,829 Reviews
1181,IIT Ropar (IIT-RPR) - Indian Institute of Technology Ropar,AAAAA,Public/Government,4.5/5,126 Reviews
1182,"Kalasalingam Academy of Research and Education, Virudhunagar",AAAA+,Private,4.0/5,37 Reviews
1183,"AMU Aligarh - Aligarh Muslim University, Aligarh",--,Public/Government,4.7/5,425 Reviews
1184,"KL University Guntur - Koneru Lakshmaiah Education Foundation, Guntur",--,Private,4.4/5,170 Reviews
1185,"KIIT - Kalinga Institute of Industrial Technology, Bhubaneswar",AAAA+,Private,4.3/5,581 Reviews
1186,"Amity University, Noida",--,Private,4.1/5,418 Reviews
1187,"IIIT Hyderabad - International Institute of Information Technology, Hyderabad",AAAAA,Private,4.5/5,35 Reviews
1188,IIT Bhubaneswar - Indian Institute of Technology Bhubaneswar,AAAAA,Public/Government,4.3/5,33 Reviews
1189,"SASTRA University Thanjavur - Shanmugha Arts Science Technology Research and Academy, Thanjavur",AAAAA,Private,4.2/5,185 Reviews
1190,"ICT Mumbai - Institute of Chemical Technology, Mumbai",AAAAA,Public/Government,4.5/5,26 Reviews
1191,MNIT Jaipur - Malaviya National Institute of Technology Jaipur,AAAA+,Public/Government,4.2/5,279 Reviews
1192,"UPES Dehradun - UPES, Dehradun",--,Private,4.1/5,107 Reviews
1193,VNIT Nagpur - Visvesvaraya National Institute of Technology Nagpur,AAAAA,Public/Government,4.2/5,129 Reviews
1194,"SIMATS Chennai - Saveetha Institute of Medical and Technical Sciences, Chennai",AAAAA,Private,3.4/5,10 Reviews
1195,"SIU Pune - Symbiosis International University, Pune",--,Private,3.9/5,49 Reviews
1196,"SSN College of Engineering - Sri Sivasubramaniya Nadar College of Engineering, Kalavakkam",AAAAA,Private,4.6/5,67 Reviews
1197,"LPU Jalandhar - Lovely Professional University, Phagwara",AAAA+,Private,4.4/5,1209 Reviews
1198,NIT Durgapur - National Institute of Technology Durgapur,AAAAA,Public/Government,4.1/5,173 Reviews
1199,NIT Silchar - National Institute of Technology Silchar,AAAA+,Public/Government,4.4/5,167 Reviews
1200,IIT Madras (IITM) - Indian Institute of Technology Madras,AAAAA,Public/Government,4.7/5,127 Reviews
1201,IIT Delhi - Indian Institute of Technology Delhi,AAAAA,Public/Government,4.6/5,324 Reviews
1202,IIT Bombay - Indian Institute of Technology Bombay,AAAAA,Public/Government,4.6/5,165 Reviews
1203,IIT Kanpur - Indian Institute of Technology Kanpur,AAAAA,Public/Government,4.4/5,165 Reviews
1204,IIT Kharagpur - Indian Institute of Technology Kharagpur,AAAAA,Public/Government,4.7/5,330 Reviews
1205,IIT Roorkee - Indian Institute of Technology Roorkee,AAAAA,Public/Government,4.4/5,417 Reviews
1206,IIT Hyderabad - Indian Institute of Technology Hyderabad,AAAAA,Public/Government,4.6/5,32 Reviews
1207,IIT Guwahati (IITG) - Indian Institute of Technology Guwahati,AAAAA,Public/Government,4.3/5,191 Reviews
1208,NIT Trichy - National Institute of Technology Tiruchirappalli,AAAAA,Public/Government,4.4/5,306 Reviews
1209,IIT BHU - Indian Institute of Technology Banaras Hindu University Varanasi,AAAAA,Public/Government,4.6/5,165 Reviews
1210,"BITS Pilani - Birla Institute of Technology and Science, Pilani",AAAAA,Private,4.5/5,270 Reviews
1211,IIT Indore - Indian Institute of Technology Indore,AAAAA,Public/Government,4.6/5,40 Reviews
1212,NIT Rourkela - National Institute of Technology Rourkela,AAAAA,Public/Government,4.6/5,342 Reviews
1213,"SRM University Chennai - SRM Institute of Science and Technology, Chennai",AAAAA,Private,4.3/5,755 Reviews
1214,IIT ISM Dhanbad - Indian Institute of Technology Indian School of Mines Dhanbad,AAAAA,Public/Government,4.3/5,204 Reviews
1215,"VIT Vellore - Vellore Institute of Technology, Vellore",AAAAA,Private,4.4/5,827 Reviews
1216,NIT Surathkal (NITK) - National Institute of Technology Karnataka Surathkal,AAAAA,Public/Government,4.3/5,101 Reviews
1217,"Jadavpur University, Kolkata",AAAAA,Public/Government,4.5/5,236 Reviews
1218,IIT Patna - Indian Institute of Technology Patna,AAAAA,Public/Government,4.7/5,58 Reviews
1219,"Anna University, Chennai",AAAA+,Public/Government,4.8/5,43 Reviews
1220,NIT Calicut - National Institute of Technology Calicut,AAAAA,Public/Government,4.3/5,161 Reviews
1221,"SOA University - Siksha 'O' Anusandhan, Bhubaneswar",AAAA+,Private,4.1/5,157 Reviews
1222,"Amrita Vishwa Vidyapeetham, Coimbatore",AAAAA,Private,4.3/5,121 Reviews
1223,"JMI New Delhi - Jamia Millia Islamia, New Delhi",AAAAA,Public/Government,4.5/5,414 Reviews
1224,IIT Gandhinagar (IIT GN) - Indian Institute of Technology Gandhinagar,AAAAA,Public/Government,4.4/5,22 Reviews
1225,IIT Mandi - Indian Institute of Technology Mandi,AAAAA,Public/Government,4.4/5,28 Reviews
1226,IIT Jodhpur - Indian Institute of Technology Jodhpur,AAAAA,Public/Government,4.4/5,68 Reviews
1227,NIT Warangal - National Institute of Technology Warangal,AAAAA,Public/Government,4.5/5,149 Reviews
1228,"TIET Patiala - Thapar Institute of Engineering and Technology, Patiala",AAAAA,Private,4.3/5,339 Reviews
1229,"DTU Delhi - Delhi Technological University, Delhi",AAAAA,Public/Government,4.5/5,465 Reviews
1230,"Chandigarh University - Chandigarh University, Chandigarh",--,Private,4.3/5,829 Reviews
1231,IIT Ropar (IIT-RPR) - Indian Institute of Technology Ropar,AAAAA,Public/Government,4.5/5,126 Reviews
1232,"Kalasalingam Academy of Research and Education, Virudhunagar",AAAA+,Private,4.0/5,37 Reviews
1233,"AMU Aligarh - Aligarh Muslim University, Aligarh",--,Public/Government,4.7/5,425 Reviews
1234,"KL University Guntur - Koneru Lakshmaiah Education Foundation, Guntur",--,Private,4.4/5,170 Reviews
1235,"KIIT - Kalinga Institute of Industrial Technology, Bhubaneswar",AAAA+,Private,4.3/5,581 Reviews
1236,"Amity University, Noida",--,Private,4.1/5,418 Reviews
1237,"IIIT Hyderabad - International Institute of Information Technology, Hyderabad",AAAAA,Private,4.5/5,35 Reviews
1238,IIT Bhubaneswar - Indian Institute of Technology Bhubaneswar,AAAAA,Public/Government,4.3/5,33 Reviews
1239,"SASTRA University Thanjavur - Shanmugha Arts Science Technology Research and Academy, Thanjavur",AAAAA,Private,4.2/5,185 Reviews
1240,"ICT Mumbai - Institute of Chemical Technology, Mumbai",AAAAA,Public/Government,4.5/5,26 Reviews
1241,MNIT Jaipur - Malaviya National Institute of Technology Jaipur,AAAA+,Public/Government,4.2/5,279 Reviews
1242,"UPES Dehradun - UPES, Dehradun",--,Private,4.1/5,107 Reviews
1243,VNIT Nagpur - Visvesvaraya National Institute of Technology Nagpur,AAAAA,Public/Government,4.2/5,129 Reviews
1244,"SIMATS Chennai - Saveetha Institute of Medical and Technical Sciences, Chennai",AAAAA,Private,3.4/5,10 Reviews
1245,"SIU Pune - Symbiosis International University, Pune",--,Private,3.9/5,49 Reviews
1246,"SSN College of Engineering - Sri Sivasubramaniya Nadar College of Engineering, Kalavakkam",AAAAA,Private,4.6/5,67 Reviews
1247,"LPU Jalandhar - Lovely Professional University, Phagwara",AAAA+,Private,4.4/5,1209 Reviews
1248,NIT Durgapur - National Institute of Technology Durgapur,AAAAA,Public/Government,4.1/5,173 Reviews
1249,NIT Silchar - National Institute of Technology Silchar,AAAA+,Public/Government,4.4/5,167 Reviews
1250,IIT Madras (IITM) - Indian Institute of Technology Madras,AAAAA,Public/Government,4.7/5,127 Reviews
1251,IIT Delhi - Indian Institute of Technology Delhi,AAAAA,Public/Government,4.6/5,324 Reviews
1252,IIT Bombay - Indian Institute of Technology Bombay,AAAAA,Public/Government,4.6/5,165 Reviews
1253,IIT Kanpur - Indian Institute of Technology Kanpur,AAAAA,Public/Government,4.4/5,165 Reviews
1254,IIT Kharagpur - Indian Institute of Technology Kharagpur,AAAAA,Public/Government,4.7/5,330 Reviews
1255,IIT Roorkee - Indian Institute of Technology Roorkee,AAAAA,Public/Government,4.4/5,417 Reviews
1256,IIT Hyderabad - Indian Institute of Technology Hyderabad,AAAAA,Public/Government,4.6/5,32 Reviews
1257,IIT Guwahati (IITG) - Indian Institute of Technology Guwahati,AAAAA,Public/Government,4.3/5,191 Reviews
1258,NIT Trichy - National Institute of Technology Tiruchirappalli,AAAAA,Public/Government,4.4/5,306 Reviews
1259,IIT BHU - Indian Institute of Technology Banaras Hindu University Varanasi,AAAAA,Public/Government,4.6/5,165 Reviews
1260,"BITS Pilani - Birla Institute of Technology and Science, Pilani",AAAAA,Private,4.5/5,270 Reviews
1261,IIT Indore - Indian Institute of Technology Indore,AAAAA,Public/Government,4.6/5,40 Reviews
1262,NIT Rourkela - National Institute of Technology Rourkela,AAAAA,Public/Government,4.6/5,342 Reviews
1263,"SRM University Chennai - SRM Institute of Science and Technology, Chennai",AAAAA,Private,4.3/5,755 Reviews
1264,IIT ISM Dhanbad - Indian Institute of Technology Indian School of Mines Dhanbad,AAAAA,Public/Government,4.3/5,204 Reviews
1265,"VIT Vellore - Vellore Institute of Technology, Vellore",AAAAA,Private,4.4/5,827 Reviews
1266,NIT Surathkal (NITK) - National Institute of Technology Karnataka Surathkal,AAAAA,Public/Government,4.3/5,101 Reviews
1267,"Jadavpur University, Kolkata",AAAAA,Public/Government,4.5/5,236 Reviews
1268,IIT Patna - Indian Institute of Technology Patna,AAAAA,Public/Government,4.7/5,58 Reviews
1269,"Anna University, Chennai",AAAA+,Public/Government,4.8/5,43 Reviews
1270,NIT Calicut - National Institute of Technology Calicut,AAAAA,Public/Government,4.3/5,161 Reviews
1271,"SOA University - Siksha 'O' Anusandhan, Bhubaneswar",AAAA+,Private,4.1/5,157 Reviews
1272,"Amrita Vishwa Vidyapeetham, Coimbatore",AAAAA,Private,4.3/5,121 Reviews
1273,"JMI New Delhi - Jamia Millia Islamia, New Delhi",AAAAA,Public/Government,4.5/5,414 Reviews
1274,IIT Gandhinagar (IIT GN) - Indian Institute of Technology Gandhinagar,AAAAA,Public/Government,4.4/5,22 Reviews
1275,IIT Mandi - Indian Institute of Technology Mandi,AAAAA,Public/Government,4.4/5,28 Reviews
1276,IIT Jodhpur - Indian Institute of Technology Jodhpur,AAAAA,Public/Government,4.4/5,68 Reviews
1277,NIT Warangal - National Institute of Technology Warangal,AAAAA,Public/Government,4.5/5,149 Reviews
1278,"TIET Patiala - Thapar Institute of Engineering and Technology, Patiala",AAAAA,Private,4.3/5,339 Reviews
1279,"DTU Delhi - Delhi Technological University, Delhi",AAAAA,Public/Government,4.5/5,465 Reviews
1280,"Chandigarh University - Chandigarh University, Chandigarh",--,Private,4.3/5,829 Reviews
1281,IIT Ropar (IIT-RPR) - Indian Institute of Technology Ropar,AAAAA,Public/Government,4.5/5,126 Reviews
1282,"Kalasalingam Academy of Research and Education, Virudhunagar",AAAA+,Private,4.0/5,37 Reviews
1283,"AMU Aligarh - Aligarh Muslim University, Aligarh",--,Public/Government,4.7/5,425 Reviews
1284,"KL University Guntur - Koneru Lakshmaiah Education Foundation, Guntur",--,Private,4.4/5,170 Reviews
1285,"KIIT - Kalinga Institute of Industrial Technology, Bhubaneswar",AAAA+,Private,4.3/5,581 Reviews
1286,"Amity University, Noida",--,Private,4.1/5,418 Reviews
1287,"IIIT Hyderabad - International Institute of Information Technology, Hyderabad",AAAAA,Private,4.5/5,35 Reviews
1288,IIT Bhubaneswar - Indian Institute of Technology Bhubaneswar,AAAAA,Public/Government,4.3/5,33 Reviews
1289,"SASTRA University Thanjavur - Shanmugha Arts Science Technology Research and Academy, Thanjavur",AAAAA,Private,4.2/5,185 Reviews
1290,"ICT Mumbai - Institute of Chemical Technology, Mumbai",AAAAA,Public/Government,4.5/5,26 Reviews
1291,MNIT Jaipur - Malaviya National Institute of Technology Jaipur,AAAA+,Public/Government,4.2/5,279 Reviews
1292,"UPES Dehradun - UPES, Dehradun",--,Private,4.1/5,107 Reviews
1293,VNIT Nagpur - Visvesvaraya National Institute of Technology Nagpur,AAAAA,Public/Government,4.2/5,129 Reviews
1294,"SIMATS Chennai - Saveetha Institute of Medical and Technical Sciences, Chennai",AAAAA,Private,3.4/5,10 Reviews
1295,"SIU Pune - Symbiosis International University, Pune",--,Private,3.9/5,49 Reviews
1296,"SSN College of Engineering - Sri Sivasubramaniya Nadar College of Engineering, Kalavakkam",AAAAA,Private,4.6/5,67 Reviews
1297,"LPU Jalandhar - Lovely Professional University, Phagwara",AAAA+,Private,4.4/5,1209 Reviews
1298,NIT Durgapur - National Institute of Technology Durgapur,AAAAA,Public/Government,4.1/5,173 Reviews
1299,NIT Silchar - National Institute of Technology Silchar,AAAA+,Public/Government,4.4/5,167 Reviews
